Регистровый номер;Строительный номер;IMO;MMSI;Название судна;Проект судна;Назначение судна;Формула класса;Источник данных;Место постройки;Завод постройки;Город постройки;Страна постройки;Порт приписки;Учреждение регистрации;Текущее состояние;Заложено;Дата закладки киля;Дата значительной части;Спущено на воду;Построено;Длина наибольшая теоретическая;Длина расчетная;Длина габаритная;Длина конструктивная;Ширина габаритная;Ширина конструктивная;Валовая вместимость;Чистая вместимость;Дедвейт;Грузоподъемность;Водоизмещение;Осадка;Высота борта;Надводный борт;Скорость;Тип силовой установки;Заводская модель главного двигателя;Запасы топлива;Количество движителей;Тип движителя;Численность экипажа;Спецперсонал;Число пассажиров коечные;Число пассажиров бескоечных;Общее число пассажиров;Количество лопастей;Холодильная установка;Рабочая температура;Хладагенты;Количество охлаждаемых грузовых помещений;Вместимость охлаждаемого грузового помещения;Количество наливных танков;Объём наливного танка;Суммарный объем наливных танков;Количество контейнеров;Тип контейнеров;Количество палуб;Количество переборок продольных;Количество переборок поперечных;Общее количество переборок;Водяной балласт;Подогреватели;Категория якорных цепей;Калибр якорных цепей
103539;1;;;ПРИЧАЛ ПОНТОННОГО ТИПА;030П;Плавучий причал для швартовки судов и проведения грузовых операций с светлыми нефтепродуктами;Л0,6 IV;Речной регистр;Цзямусы КНР;;;;;;;;;;;01.01.2012;;;64.6;0;16;0;523.28;0;0;0.3;0;;1.2;1.04;;;;;;;0;;;;0;;;;;;;0;;0;;;;0;9;;;;;
104863;547;;;МП-622;341А;Несамоходный причал для подхода паромной переправы, стоечное;Р1,2 IV;Речной регистр;Свободный;;;;;;;;;;;01.01.1965;;;64.4;64.4;10.03;10;1107.9;0;0;0;740.3;;2;0.64;;;;;;;0;;;;0;;;;;;;0;;0;;;;0;4;;;;;
104871;67;;;ВЕРАНДА-4;1095;Плавучий причал;Р1,2 IV;Речной регистр;Свободный;;;;;;;;;;;01.01.1965;;;65.9;64.4;10.2;10;1110;0;0;0;137;;2;0.6;;;;;;;0;;;;0;;;;;;;0;;0;;;;0;7;;;;;
10784;12700;;;ВПУ КТК-1;;Плавучий морской одноточечный причал;K* FSPM;Морской регистр;;;;Объединенные Арабские Эмираты;Новороссийск;;;;;;;03/02/2000;16;;16;;;;162;;;;;4.08;2.22;;;Несамоходное;;;;;;;;;;;;;;;;;;;;;;;;;;;Повышенной прочности;95
10799;12710;;;ВПУ КТК-2;;Плавучий морской одноточечный причал;K* FSPM;Морской регистр;;;;Объединенные Арабские Эмираты;Новороссийск;;;;;;;03/02/2000;16;12;16;;;;162;;;;;4.08;2.22;;;Несамоходное;;;;;;;;;;;;;;;;;;;;;;;;;;;Повышенной прочности;95
110475;;;;ДМ-112;344-III;Плавучий объект, дебаркадер пассажирский;Р1,2 IV;Речной регистр;Аркуль, СРЗ памяти Кирова;;;;;;;;;;;01.01.1950;;;25.3;25;8.3;8;376.4;0;4.25;0;42.55;;2;1.75;;;;;;;2;;;;0;;;;;;;0;;0;;;;0;3;;;;;
110629;;;;Дебаркадер № 243;б/п;Дебаркадер грузовой переправы, причал;Р1,2 I;Речной регистр;Германия;;;;;;;;;;;01.01.1950;;;57.15;55.5;8.4;8;1584.8;0;0;0;0;;2.12;1.2;;;;;;;4;;;;0;;;;;;;0;;0;;;;0;7;;;;;
112028;;;;ВПУ КТК-3;;Плавучий морской одноточечный причал;K* FSPM;Морской регистр;;;;Объединенные Арабские Эмираты;Новороссийск;;;;;;;13/12/2012;16;;16;;;;242;;;;;4.47;1.83;;;Несамоходное;;;;;;;;;;;;;;;;;;;;;;;;;;;Повышенной прочности;95
121526;;;;БРП-209;183В;Плавучий объект, причал для отстоя судов;Р1,2 IV;Речной регистр, Fleetphoto;Кононово;Улан-Удэнский ССРЗ; Улан-Удэ;;Красноярск  ;РКО (РРР до 2022); Эксплуатируется ;;;;;01.01.1970;;;35.33;35;7.54;7.5;384.88;0;200;200;256;;1.3;0.96;;;;;;;0;;;;0;;;;;;;0;;0;;;;3;2;;;;;
121549;;;;06-37/0031;Р-70;Плавучий объект, дебаркадер;О2,0 I;Речной регистр, Fleetphoto;Кононово;Кононовская ремонтно-эксплуатационная база флота ЕРП МРФ РСФСР; Кононово;;Красноярск  ;РКО (РРР до 2022); Эксплуатируется ;;;;;01.01.1971;;;47.8;45;12.4;12;2000;0;43;20;261;;2.7;2.14;;;;;;;3;;;;0;;;;;;;0;;0;;;;4;4;;;;;
121629;;;;06-37/0026;Р-70;Плавучий объект, дебаркадер;О2,0 I;Речной регистр, Fleetphoto;Кононовская РЭБ;Кононовская ремонтно-эксплуатационная база флота ЕРП МРФ РСФСР; Кононово;;Красноярск  ;РКО (РРР до 2022); Эксплуатируется ;;;;;01.01.1972;;;47.8;45;12.4;12;2000;0;43;20;261;;2.7;2.14;;;;;;;3;;;;0;;;;;;;0;;0;;;;4;4;;;;;
121639;133;;;Паром 4;943;Стоечная баржа-причал;Р1,2;Речной регистр, Fleetphoto;Иркутский СРСЗ;Иркутский судоремонтно-судостроительный завод ВСРП МРФ РСФСР; Иркутск;;Усолье-Сибирское  ;РКО (РРР до 2022); Эксплуатируется ;;;;;01.01.1974;;;57;55;12.2;12;1180;0;0.9;0;205.21;;2;1.6;;;;;;;0;;;;0;;;;;;;0;;0;;;;0;6;;;;;
121655;;;;06-37/0032;282Б;Плавучий объект, дебаркадер;Р1,2 I;Речной регистр, Fleetphoto;Павловщина;Павловская ремонтно-эксплуатационная база флота ЕРП МРФ РСФСР; Павловщина;;Красноярск  ;РКО (РРР до 2022); Эксплуатируется ;;;;;01.01.1973;;;25;25;6;6;486.99;0;4.82;0;44;;1.8;1.45;;;;;;;2;;;;0;;;;;;;0;;0;;;;0;3;;;;;
121705;;;;06-37/0025;Р-70;Плавучий объект, дебаркадер;О2,0 I;Речной регистр, Fleetphoto;Кононово;Кононовская ремонтно-эксплуатационная база флота ЕРП МРФ РСФСР; Кононово;;Красноярск  ;РКО (РРР до 2022); Эксплуатируется ;;;;;01.01.1974;;;47.8;45;12.4;12;2000;0;43;20;282;;2.7;2.14;;;;;;;3;;;;0;;;;;;;0;;0;;;;4;4;;;;;
121763;;;;06-37/0030;575;Дебаркадер. Плавучий объект, дебаркадер;О2,0 I;Речной регистр, Fleetphoto;Красноярск;Красноярский судостроительный завод им. Побежимова МСП СССР (Предприятие п/я 60); Красноярск;;Красноярск  ;РКО (РРР до 2022); Эксплуатируется ;;;;;01.01.1975;;;85.2;85;14.57;14;4149.9;0;71.1;40;431.65;;2.5;2.06;;;;;;;3;;;;0;;;;;;;0;;0;;;;1;4;;;;;
121766;144;;;641;943;Рейдовый причал;Р1,2;Речной регистр, Fleetphoto;Иркутский СРСЗ;Иркутский судоремонтно-судостроительный завод ВСРП МРФ РСФСР; Иркутск;;Иркутск  ;РКО (РРР до 2022); Эксплуатируется ;;;;;01.01.1975;;;57.3;55;12.05;12;1180;0;0;0;790;;2;0.22;;;;;;;0;;;;0;;;;;;;0;;0;;;;0;6;;;;;
121786;;;;06-37/0027;Р-70;Плавучий объект, дебаркадер;О2,0 I;Речной регистр, Fleetphoto;Кононово;Кононовская ремонтно-эксплуатационная база флота ЕРП МРФ РСФСР; Кононово;;Красноярск  ;РКО (РРР до 2022); Эксплуатируется ;;;;;01.01.1975;;;47.8;45;12.4;12;2000;0;43;20;261;;2.7;2.14;;;;;;;3;;;;0;;;;;;;0;;0;;;;4;4;;;;;
121797;5;;;1312;885Б;Стоечная баржа-причал;М2,0;Речной регистр, Fleetphoto;Улан-Удэ;Улан-Удэнский ССРЗ; Улан-Удэ;;Байкал  ;РКО (РРР до 2022); стоечная баржа-причал ;;;;;01.01.1977;;;67;64;12.21;12;2637.6;0;1000;1000;1316;;3;1;;;;;;;0;;;;0;;;;;;;0;;0;;;;1;8;;;;;
121828;78;;;Дебаркадер-35;Р-70;Грузопассажирский дебаркадер;Р1,2;Речной регистр, Fleetphoto;Усолье-Сибирская РЭБ флота;Усольская ремонтно-эксплуатационная база флота ВСРП МРФ РСФСР; Усолье-Сибирское;;Иркутск  ;РКО (РРР до 2022); Эксплуатируется ;;;;;01.01.1976;;;47.8;45;12.4;12;2000;0;43;20;261;;2.7;1;;;;;;;5;;;;45;;;;;;;0;;0;;;;3;2;;;;;
121876;;;;06-37/0033;Р-70;Плавучий объект, дебаркадер;О2,0 I;Речной регистр, Fleetphoto;Кононово;Кононовская ремонтно-эксплуатационная база флота ЕРП МРФ РСФСР; Кононово;;Красноярск  ;РКО (РРР до 2022); Эксплуатируется ;;;;;01.01.1976;;;47.8;45;12.4;12;2000;0;43;20;261;;2.7;2.14;;;;;;;3;;;;0;;;;;;;0;;0;;;;4;4;;;;;
125767;52;;;Дебаркадер № 139;536;Плавучий причал;Р1,2 I;Речной регистр;г.Аркуль;;;;;;;;;;;01.01.1958;;;25.3;25;8.3;8;600;0;27.3;27.3;105.3;;2;1.35;;;;;;;3;;;;0;;;;;;;0;;0;;;;0;3;;;;;
140853;;;;П-251;Р-010;Плавучий объект, плавучий причал;Л0,6 I;Речной регистр;Чехия;;;;;;;;;;;01.01.1973;;;31.7;30.8;9;8.8;761.3;0;0;0;147.7;;2.1;1.66;;;;;;;0;;;;100;;;;;;;0;;0;;;;0;3;;;;;
143301;;;;№9176;Фин.1000;Плавучий объект, причальное сооружение для обеспечения стоянки судов;Р1,2 IV;Речной регистр;Финляндия;;;;;;;;;;;01.01.1959;;;64.8;60;12.32;12.03;2094.2;0;1006;1000;1338;;3.6;1.25;;;;;;;0;;;;0;;;;;;;0;;0;;;;0;5;;;;;
143659;175/49;;;Кудьма;276-III и 476-1(1 вариант);Плавучий причал для нефтеналивных судов;Р1,2 I;Речной регистр;Румыния, г.Браила;;;;;;;;;;;01.01.1959;;;75;74.6;15;15;2374.4;0;0;0;270;;1.7;1.3;;;;;;;2;;;;0;;;;;;;0;;0;;;;2;7;;;;;
144366;846;;;ПРМ-846;889/РЕГК.06029/889;Несамоходный плавучий причал для швартовки судов;Р1,2 IV;Речной регистр;Болгария;;;;;;;;;;;01.01.1968;;;62.4;62;13.4;13;2843.6;0;0;0;871;;3.7;2.5;;;;;;;0;;;;0;;;;;;;0;;0;;;;0;7;;;;;
147061;246;;;7054;562Ш;Плавучий причал, эксплуатация у причальной стенки для швартовки судов;Р1,2 I;Речной регистр;Шиморское;;;;;;;;;;;01.01.1966;;;69.75;65.8;14.3;14;1618.8;0;36.15;0;248.98;;2;1.688;;;;;;;0;;;;0;;;;;;;0;;0;;;;1;5;;;;;
150195;1301;;;ПРП-4;SB02;Плавпричал;K(*) Berth-connected ship pontoon;Fleetphoto, Морской регистр;;ОАО «Завод Нижегородский теплоход»»; Бор;Россия;Новороссийск  ;РМРС; Эксплуатируется ;05.05.2015;05/05/2015;;04.08.2015;13.11.2015;73;34.56;73;;8.6;;337;100;2;;270;0.98;2.2;;0;Несамоходное;;0;;;;0;         0;         0;;0;;;;;;;;;;;1;;;4;0;;Повышенной прочности;58
156271;323;;;МП-3123;Р-56;Баржа-площадка, секция наплавного моста;Р1,2 IV;Речной регистр;Тюмень;;;;;;;;;;;01.01.1969;;;86;83.5;17.34;16.5;3545;0;240;240;654.3;;2.85;1.9;;;;;;;0;;;;0;;;;;;;0;;0;;;;2;6;;;;;
156297;1;;;ДМ-035;Р-70;Грузопассажирский дебаркадер;О 2,0 I;Речной регистр, Fleetphoto;Тобольский СРЗ г.Тобольск;Тобольская ремонтно-эксплуатационная база флота ИРП МРФ РСФСР; Тобольск;;Омск  ;РКО (РРР до 2022); Эксплуатируется ;;;;;01.01.1972;;;47.8;45;12.4;12;2000;0;43;20;261;;2.7;2.14;;;;;;;2;;;;0;;;;;;;0;;0;;;;1;4;;;;;
156390;3;;;ПП-602;943;Несамоходный плавучий причал для швартовки судов;Р1,2 IV;Речной регистр;Тюмень;;;;;;;;;;;01.01.1969;;;57.3;55;12.05;12;1180.1;0;600;600;777.2;;2;0.61;;;;;;;0;;;;0;;;;;;;0;;0;;;;0;6;;;;;
156527;1;;;МП-3059;Р 56/25.01/Р 56;Плавучий причал для стоянки т/х, и катеров и досуга владельцев судов;Р1,2 I;Речной регистр, Fleetphoto;Тюмень;Тюменский судостроительный завод; Тюмень;;Омск  ;РКО (РРР до 2022); плавучий причал ;;;;;01.01.1970;;;89.3;83.5;19.3;16.5;4103.5;0;62.05;0;676.7;;1.42;0.79;;;;;;;10;;;;25;;;;;;;0;;0;;;;2;6;;;;;
156639;380;;;МП-3161;Р-56;Секция наплавного моста/причал;Р 1,2 IV;Речной регистр, Fleetphoto;Тюменский ССЗ,Тюмень;Тюменский судостроительный завод; Тюмень;;Омск  ;РКО (РРР до 2022); секция наплавного моста ;;;;;01.01.1971;;;85.5;83.35;17.32;16.5;3645;0;240;240;654.3;;2.85;1.7;;;;;;;0;;;;0;;;;;;;0;;0;;;;2;6;;;;;
156686;403;;;ПП-3007;Р-56;Плавучий причал, швартовка судов для посадки и высадки пассажиров;Р1,2 I;Fleetphoto, Речной регистр;Тюмень;Тюменский судостроительный завод; Тюмень;;Новосибирск  ;РКО (РРР до 2022); плавучий причал ;;;;;15.06.1972;;;86;83.5;17.34;16.5;3545;0;2829.7;0;3242.34;;2.85;0.34;;;;;;;0;;;;0;;;;;;;0;;0;;;;2;6;;;;;
156818;129;;;ТПСП-635;183В;Плавучий объект, понтон;Р1,2 IV;Речной регистр, Fleetphoto;Тобольск;Улан-Удэнский ССРЗ; Улан-Удэ;;Омск  ;РКО (РРР до 2022); Эксплуатируется ;;;;;01.01.1972;;;35.53;35;7.8;7.5;320;0;60;60;203.15;;1.3;0.44;;;;;;;0;;;;0;;;;;;;0;;0;;;;0;2;;;;;
159730;4;;;ДМ-4;Р-70;Грузопассажирский дебаркадер;О 2,0 I;Речной регистр, Fleetphoto;Новосибирский ССЗ,Новосибирск;ГП «Новосибирский судоремонтно-судостроительный завод ЗСРП МРФ РСФСР»; Новосибирск;;Омск  ;РКО (РРР до 2022); Эксплуатируется ;;;;;01.01.1977;;;47.8;45;12.4;12;2000;0;43;20;261;;2.7;2.15;;;;;;;3;;;;0;;;;;;;0;;0;;;;2;4;;;;;
160510;620;;;Понтон № 859;Р-24;Плавучий причал;Р1,2 I;Речной регистр;г.Кострома;;;;;;;;;;;01.01.1967;;;42.5;42;8.5;8;970.7;0;33;0;316;;2.8;1.7;;;;;;;3;;;;0;;;;;;;0;;0;;;;1;7;;;;;
160515;664;;;Понтон № 868;Р-24;Рейдовый понтон;Р1,2 I;Речной регистр;Кострома;;;;;;;;;;;01.01.1968;;;42.5;42;8.5;8;970.7;0;33;33;317;;2.8;1.7;;;;;;;3;;;;0;;;;;;;0;;0;;;;1;7;;;;;
160516;665;;;Понтон № 869;Р-24;Рейдовый понтон;Р1,2 I;Речной регистр;"Судоверфь им.""Комсомольской правды"", г.Кострома";;;;;;;;;;;01.01.1968;;;42.5;42;8.5;8;970.7;0;33;33;316;;2.8;1.7;;;;;;;2;;;;0;;;;;;;0;;0;;;;1;7;;;;;
160523;673;;;Дебаркадер-52;47Б;Плавучий объект установленный у берега, дебаркадер;Р1,2 I;Речной регистр;Кострома;;;;;;;;;;;01.01.1968;;;35.4;35;10;9.6;1743;0;56;30;360;;2.8;1.63;;;;;;;4;;;;124;;;;;;;0;;0;;;;0;13;;;;;
160533;1097;;;П-179;146;Плавучий причал;Р 1,2 I;Речной регистр;СОКОЛЬСКОЕ;;;;;;;;;;;01.01.1967;;;20.32;20;8.34;8;320;0;12.8;0;0;;2;1.34;;;;;;;0;;;;50;;;;;;;0;;0;;;;0;7;;;;;
160545;1128;;;ДЖ-63;61Б;Пассажирский дебаркадер;Р1,2 I;Речной регистр;Сокольская судоверфь, Сокольское;;;;;;;;;;;01.01.1967;;;20.32;20;7.32;7;450;0;4.9;0;119.75;;2;1.21;;;;;;;2;;;;18;;;;;;;0;;0;;;;0;7;;;;;
160578;;;;ДЖ-1131;61Б;Плавучий объект, дебаркадер;Р1,2 I;Речной регистр;Кострома, Сокольская судоверфь;;;;;;;;;;;01.01.1968;;;20.32;20;7.32;7;450;0;4.7;0;110.3;;2;1.21;;;;;;;2;;;;0;;;;;;;0;;0;;;;0;7;;;;;
160579;1141;;;Понтон-380;Р66;Плавучий причал;Р1,2 I;Речной регистр;Сокольская судоверфь, п.Сокольское;;;;;;;;;;;01.01.1968;;;30.4;30;10.4;10;687.7;0;50;50;256;;2.2;1.26;;;;;;;1;;;;0;;;;;;;0;;0;;;;0;8;;;;;
160653;680;;;ДЖ-680;47Б;Плавучий объект, дебаркадер;Р1,2 I;Речной регистр;Кострома;;;;;;;;;;;01.01.1969;;;35.35;35;9.95;9.6;2388.5;0;10.6;0;375.4;;2.8;1.6;;;;;;;0;;;;70;;;;;;;0;;0;;;;2;13;;;;;
160671;702;;;902;133Б;Грузопассажирский понтон;Р1,2 I;Речной регистр;Кострома;;;;;;;;;;;01.01.1968;;;45.4;45;12.4;12;1400;0;152;150;570;;2.8;1.62;;;;;;;0;;;;32;;;;;;;0;;0;;;;2;6;;;;;
160673;704;;;Понтон-903;133Б;Грузо-пассажирский причальный понтон, швартовка судов;Р1,2 I;Речной регистр;Кострома;;;;;;;;;;;01.01.1969;;;45.5;45;12.5;12;1400.9;0;150;0;570;;2.8;1.62;;;;;;;0;;;;0;;;;;;;0;;0;;;;1;7;;;;;
160695;1177;9848912;273215120;Понтон № 384;Р-66;Причальный понтон;Р1,2 I;Речной регистр, Морской регистр, Fleetphoto;Сокольская судоверфь;АО «Онежский судостроительно-судоремонтный завод»; Петрозаводск;Россия;Архангельск;РМРС; Эксплуатируется ;17.11.2017;17/11/2017;;23.08.2019;01.01.1968;80;76.3;30.4;30;10.4;10;690.5;0;50;0;256;4.65;2.2;1.26;10;Дизельная;;569;2;Винт фиксированного шага цельнолитой;2;;;;0;3;;;;;;0;;0;;;1;0;12;6;188;;Особой прочности;36
160704;1180;;;Понтон № 387;Р-66;Причальный понтон;Р1,2 I;Речной регистр;Сокольская судоверфь, Сокольское;;;;;;;;;;;01.01.1969;;;30.4;30;10.4;10;690.5;0;50;50;256;;2.2;1.26;;;;;;;2;;;;0;;;;;;;0;;0;;;;0;12;;;;;
160705;1181;;;Понтон № 388;Р-66;Причальный понтон;Р1,2 I;Речной регистр;Сокольская судоверфь, Сокольское;;;;;;;;;;;01.01.1968;;;30.4;30;10.4;10;690.5;0;50;50;256;;2.2;1.26;;;;;;;2;;;;0;;;;;;;0;;0;;;;0;12;;;;;
160711;;;;389;66;Грузопассажирский дебаркадер;Р1,2 I;Речной регистр;Сокольская судоверфь;;;;;;;;;;;01.01.1969;;;30.2;30;10.2;10;687.7;0;0;0;0;;2.2;1.26;;;;;;;1;;;;0;;;;;;;0;;0;;;;0;12;;;;;
160771;706;;;905;133Б;Причальный понтон, посадка пассажиров и высадка их с судов;Р 1,2 I;Речной регистр;Кострома;;;;;;;;;;;01.01.1969;;;45.4;43.3;12.4;12;1392.4;0;0;150;732;;2.8;1.3;;;;;;;0;;;;0;;;;;;;0;;0;;;;2;4;;;;;
160798;711;;;910;Р-133Б;Понтон. Грузопассажирский понтон;Р1,2;Fleetphoto, Речной регистр;г.Кострома;"Судоверфь им. ""Комсомольской правды"" ВОРП МРФ РСФСР"; Кострома;;Нижний Новгород  ;РКО (РРР до 2022); Эксплуатируется ;;;;;30.05.1970;;;45.5;45;12.5;12;1400;0;152;150;570;;2.8;1.62;;;;;;;3;;;;0;;;;;;;0;;0;;;;2;4;;;;;
160828;1231;;;749;146;Понтон причальный;Р1,2 I;Речной регистр, Fleetphoto;Сокольская судоверфь;Сокольская судоверфь; Сокольское;;Красное-на-Волге  ;РКО (РРР до 2022); Эксплуатируется ;;;;;01.01.1970;;;20.74;20;8.65;8;526.4;0;4;0;104.9;;2;1.34;;;;;;;0;;;;0;;;;;;;0;;0;;;;0;5;;;;;
160878;804;;;804;47Б;Плавучий объект, дебаркадер;Р1,2 I;Речной регистр, Fleetphoto;"Кострома, судоверфь имени ""Комсомольской Правды""";"Судоверфь им. ""Комсомольской правды"" ВОРП МРФ РСФСР"; Кострома;;Москва  ;РКО (РРР до 2022); Не эксплуатируется ;;;;;01.01.1970;;;35.4;35;10;9.6;1740.5;0;56;30;360;;2.8;1.63;;;;;;;4;;;;0;;;;;;;0;;0;;;;0;11;;;;;
160891;808;;;Дебаркадер-365;47Б (35 метров);Железобетонный пассажирский дебаркадер;Р1,2;Fleetphoto, Речной регистр;Кострома;"Судоверфь им. ""Комсомольской правды"" ВОРП МРФ РСФСР"; Кострома;;Волгоград  ;РКО (РРР до 2022); Эксплуатируется ;;;;;20.05.1971;;;35.4;35;10;9.6;1743;0;56;30;360.36;;2.8;1.63;;;;;;;5;;;;0;;;;;;;0;;0;;;;0;13;;;;;
160909;161;;;5206;1653Б;Плавучий объект, установленный у берега, баржа-площадка причал;Р1,2 I;Речной регистр, Fleetphoto;РЭБ им. Кирова, г. Аркуль;ГП «Ремонтно-эксплуатационная база флота им. Памяти Кирова ВРП МРФ РСФСР»; Аркуль;;Пермь  ;РКО (РРР до 2022); причал паромной переправы ;;;;;01.01.1971;;;65.4;61.9;11.86;11.4;999;0;0;0;656.6;;1.6;0.41;;;;;;;0;;;;0;;;;;;;0;;0;;;;0;4;;;;;
160934;1276;;;1276;07А;Плавучий объект, дебаркадер;Р1,2 I;Речной регистр, Fleetphoto;Сокольское;Сокольская судоверфь; Сокольское;;Плёс  ;РКО (РРР до 2022); неизвестно с 2015 года ;;;;;01.01.1970;;;22.2;20;8.32;8;545.1;0;6.4;0;142.4;;2;1.11;;;;;;;0;;;;0;;;;;;;0;;0;;;;0;7;;;;;
160948;1261;;;ПОНТОН-410;Р-66;Плавучий объект, установленный у берега, понтон причальный, швартовка пассажирских судов;Р1,2 IV;Речной регистр, Fleetphoto;Сокольское;Сокольская судоверфь; Сокольское;;Казань  ;РКО (РРР до 2022); Судьба не установлена ;;;;;01.01.1971;;;30.4;30;10.4;10;750;0;50;0;256;;2.2;1.26;;;;;;;0;;;;0;;;;;;;0;;0;;;;0;12;;;;;
160984;1337;;;АКВАТОРИЯ-52;07А;Железобетонный дебаркадер;Р1,2 I;Речной регистр, Fleetphoto;Сокольское;Сокольская судоверфь; Сокольское;;Москва  ;РКО (РРР до 2022); Не эксплуатируется ;;;;;01.01.1971;;;22.02;20;8.36;8;543.4;0;0;0;0;;2;1.11;;;;;;;0;;;;10;;;;;;;0;;0;;;;0;0;;;;;
160985;1262;;;Понтон № 411;Р-66;Причальный понтон;Р1,2 I;Речной регистр, Fleetphoto;Сокольская судоверфь, Соколки;Сокольская судоверфь; Сокольское;;Нижний Новгород  ;РКО (РРР до 2022); Эксплуатируется ;;;;;01.01.1971;;;30.4;30;10.4;10;750;0;50;50;256;;2.2;1.26;;;;;;;2;;;;0;;;;;;;0;;0;;;;0;12;;;;;
160997;1298;;;ДЖ-70;61Б;Плавучий объект, пассажирский дебаркадер;Р1,2;Fleetphoto, Речной регистр;Сокольская судоверфь;Сокольская судоверфь; Сокольское;;Москва  ;РКО (РРР до 2022); негодное для отстоя ;;;;;29.07.1971;;;20.32;20;7.32;7;280.2;0;0;0;0;;2;1.21;;;;;;;1;;;;0;;;;;;;0;;0;;;;0;7;;;;;
161018;1316;;;Дебаркадер-603;61;Плавучий причал, швартовка судов;Р1,2 I;Речной регистр, Fleetphoto;Сокольская судоверфь;Сокольская судоверфь; Сокольское;;Нижний Новгород  ;РКО (РРР до 2022); Не эксплуатируется ;;;;;01.01.1971;;;20.34;20.04;7.3;7;553.8;0;2.2;0;131.73;;2.02;1.08;;;;;;;2;;;;12;;;;;;;0;;0;;;;0;7;;;;;
161019;809;;;ДЖ-68;47Б;Плавучий объект, дебаркадер;Р1,2 I;Речной регистр, Fleetphoto;Кострома;"Судоверфь им. ""Комсомольской правды"" ВОРП МРФ РСФСР"; Кострома;;Москва  ;РКО (РРР до 2022); Не эксплуатируется ;;;;;01.01.1971;;;35.4;35;10;9.6;1848;0;57;0;360;;2.8;1.6;;;;;;;2;;;;25;;;;;;;0;;0;;;;2;13;;;;;
161029;813;;;Дебаркадер-366;47Б (35 метров);Железобетонный пассажирский дебаркадер;Р1,2;Fleetphoto, Речной регистр;Кострома;"Судоверфь им. ""Комсомольской правды"" ВОРП МРФ РСФСР"; Кострома;;Нижний Новгород  ;РКО (РРР до 2022); Эксплуатируется ;;;;;27.07.1971;;;35.4;35;10;9.6;1743.3;0;56;30;360.36;;2.8;1.63;;;;;;;5;;;;0;;;;;;;0;;0;;;;2;13;;;;;
161031;904;;;ЖД-904;133Б;Плавучий объект, дебаркадер пассажирский;Р1,2 I;Речной регистр, Fleetphoto;Кострома;"Судоверфь им. ""Комсомольской правды"" ВОРП МРФ РСФСР"; Кострома;;Санкт-Петербург  ;РКО (РРР до 2022); Эксплуатируется ;;;;;01.01.1971;;;45.4;45;12.4;12;1879.1;0;0;150;9575.94;;2.8;1.57;;;;;;;3;;;;0;;;;;;;0;;3;;;;2;6;;;;;
161049;818;;;Дебаркадер-80;47Б;Плавучий объект установленный у берега, дебаркадер;Р1,2 I;Речной регистр, Fleetphoto;Кострома;"Судоверфь им. ""Комсомольской правды"" ВОРП МРФ РСФСР"; Кострома;;Пермь  ;РКО (РРР до 2022); Судьба не установлена ;;;;;01.01.1972;;;35.5;35;10.1;9.6;1743;0;57.1;30;393.1;;2.8;1.63;;;;;;;1;;;;0;;;;;;;0;;0;;;;0;11;;;;;
161138;1327;;;П-20-23;146;Стоечный причальный понтон;Р1,2 I;Речной регистр, Fleetphoto;Сокольское;Сокольская судоверфь; Сокольское;;Ростов-на-Дону  ;РКО (РРР до 2022); Эксплуатируется ;;;;;01.01.1971;;;20;20;8;8;319.8;0;0;0;106;;2;1.34;;;;;;;1;;;;0;;;;;;;0;;0;;;;1;7;;;;;
161146;1390;;;1390;07А;Плавучий объект, дебаркадер;Р1,2;Fleetphoto, Речной регистр;Сокольское;Сокольская судоверфь; Сокольское;;Санкт-Петербург  ;РКО (РРР до 2022); Эксплуатируется ;;;;;30.06.1972;;;22;20;8.4;8;545.06;0;7;0;142;;2;1.11;;;;;;;20;;;;0;;;;;;;0;;0;;;;0;7;;;;;
161191;823;;;Самарский;47Б/7761;Дебаркадер-причал;Р1,2 I;Речной регистр, Fleetphoto;Кострома;"Судоверфь им. ""Комсомольской правды"" ВОРП МРФ РСФСР"; Кострома;;Самара  ;РКО (РРР до 2022); Эксплуатируется ;;;;;01.01.1972;;;35.4;35;10;9.6;1743.3;0;56;30;360.36;;2.8;1.65;;;;;;;10;;;;0;;;;;;;0;;0;;;;2;11;;;;;
161192;824;;;Дебаркадер №371;47Б (35 метров);Пассажирский дебаркадер, швартовка судов;Р1,2;Fleetphoto, Речной регистр;"судоверфь им.""Комсомольской правды"", г.Кострома";"Судоверфь им. ""Комсомольской правды"" ВОРП МРФ РСФСР"; Кострома;;Нижний Новгород  ;РКО (РРР до 2022); холодный отстой ;;;;;26.07.1972;;;35.4;35;10;9.6;1743;0;57;0;393;;2.8;1.63;;;;;;;1;;;;0;;;;;;;0;;0;;;;1;11;;;;;
161209;917;;;Понтон № 920;133Б;Понтон причальный;Р1,2 I;Речной регистр, Fleetphoto;Судоверфь им. Комсомольской правды, г. Кострома;"Судоверфь им. ""Комсомольской правды"" ВОРП МРФ РСФСР"; Кострома;;Нижний Новгород  ;РКО (РРР до 2022); Эксплуатируется ;;;;;01.01.1972;;;45.5;45;12.5;12;1400.9;0;152;150;570;;2.8;1.62;;;;;;;2;;;;0;;;;;;;0;;0;;;;2;6;;;;;
161299;1443?;;;П-211;146;Плавучий объект, пассажирский понтон;Р1,2;Fleetphoto, Речной регистр;п. Сокольское, Сокольская судоверфь;Сокольская судоверфь; Сокольское;;Москва  ;РКО (РРР до 2022); Эксплуатируется ;;;;;01.01.1973;;;20.32;20;8.5;8;320;0;5.1;0;106;;2;1.34;;;;;;;1;;;;50;;;;;;;0;;0;;;;0;7;;;;;
161312;;;;Дебаркадер-750;61Б;Пассажирский дебаркадер;Р1,2 I;Речной регистр, Fleetphoto;Сокольское;Сокольская судоверфь; Сокольское;;Астрахань  ;РКО (РРР до 2022); Не эксплуатируется ;;;;;01.01.1973;;;21;20;7.6;7;450;0;14;10;112;;2;1.21;;;;;;;0;;;;16;;;;;;;0;;0;;;;0;7;;;;;
161324;918;;;ЖД-918;Р-133Б;Плавучий объект, дебаркадер пассажирский;Р1,2;Fleetphoto, Речной регистр;Кострома;"Судоверфь им. ""Комсомольской правды"" ВОРП МРФ РСФСР"; Кострома;;Санкт-Петербург  ;РКО (РРР до 2022); Эксплуатируется ;;;;;29.05.1973;;;45.4;45;12.4;12;1879.1;0;0;150;0;;2.8;1.57;;;;;;;3;;;;0;;;;;;;0;;0;;;;2;6;;;;;
161343;921;;;Понтон-921;Р-133Б;Плавучий причал;Р1,2;Fleetphoto, Речной регистр;Кострома;"Судоверфь им. ""Комсомольской правды"" ВОРП МРФ РСФСР"; Кострома;;Городец  ;РКО (РРР до 2022); холодный отстой ;;;;;31.08.1973;;;45.5;45;12.5;12;1400.9;0;152;150;0;;2.8;1.62;;;;;;;0;;;;0;;;;;;;0;;0;;;;2;6;;;;;
161393;930;;;Понтон № 930;133Б;Плавучий причал;Р1,2 I;Речной регистр, Fleetphoto;"Судоверфь им.""Комсомольской правды"", г.Кострома";"Судоверфь им. ""Комсомольской правды"" ВОРП МРФ РСФСР"; Кострома;;Нижний Новгород  ;РКО (РРР до 2022); Эксплуатируется ;;;;;01.01.1974;;;45.5;45;12.5;12;1400.9;0;218;150;570;;2.8;1.62;;;;;;;2;;;;0;;;;;;;0;;0;;;;2;6;;;;;
161395;992;;;ПОНТОН-932;133Б;Плавучий объект, установленный у берега, понтон причальный, швартовка судов и проведение груз;Р1,2 IV;Речной регистр, Fleetphoto;г. Кострома;"Судоверфь им. ""Комсомольской правды"" ВОРП МРФ РСФСР"; Кострома;;Нижний Новгород  ;РКО (РРР до 2022); Эксплуатируется ;;;;;01.01.1975;;;45.5;45;12.5;12;1400;0;152;150;570;;2.8;1.62;;;;;;;0;;;;0;;;;;;;0;;0;;;;2;6;;;;;
161398;2;;;ЖД-935;133Б;Дебаркадер. Плавучий объект, причальный дебаркадер;Р 1,2 I;Речной регистр, Fleetphoto;Кострома;"Судоверфь им. ""Комсомольской правды"" ВОРП МРФ РСФСР"; Кострома;;Санкт-Петербург  ;РКО (РРР до 2022); Эксплуатируется ;;;;;01.01.1976;;;45.4;45;12.4;12;1882;0;25.48;150;448.06;;2.8;1.62;;;;;;;0;;;;0;;;;;;;0;;0;;;;2;8;;;;;
161453;29;;;1385;Р-89;Плавучий объект, причал паромной переправы;Р1,2 I;Речной регистр, Fleetphoto;"ССРЗ ""Память Кирова"", г.Аркуль";"ГП «Судостроительно-судоремонтный завод ""Память Кирова"" ВРП МРФ РСФСР»"; Аркуль;;Волгоград  ;РКО (РРР до 2022); Эксплуатируется ;;;;;01.01.1975;;;66.4;63.1;14.2;14;1466.8;0;1000;0;1202;;2;0.5;;;;;;;3;;;;0;;;;;;;0;;0;;;;1;5;;;;;
161494;850;;;376;47Б;База отдыха, дебаркадер;Р1,2 I;Речной регистр, Fleetphoto;"Судоверфь им.""Комсомольской правды"", г.Кострома";"Судоверфь им. ""Комсомольской правды"" ВОРП МРФ РСФСР"; Кострома;;Нижний Новгород  ;РКО (РРР до 2022); Эксплуатируется ;;;;;01.01.1975;;;35.4;35;10;9.6;1778.4;0;9.88;0;487;;2.8;1.83;;;;;;;2;;;;11;;;;;;;0;;0;;;;2;11;;;;;
165791;1;;;ПГР-3;Р-68;Гидроперегружатель песка автоматический на стальном понтоне;Р1,2;Речной регистр;ОЭЗ ЦПКБ МРФ, г.Москва;;;;;;;;;;;01.01.1968;;;35.4;35;9;8.6;1250.9;0;158.29;0;360.29;;2.5;1.22;;Дизельный;6L275-PN-Rr/IIP;;;;3;;;;0;;;;;;;0;;0;;;;0;4;;;;;
172772;2;;;Автотурист-2;Л-125М;Плавучий пассажирский причал. Посадка-высадка пассажиров.;Р1,2 I;Речной регистр, Fleetphoto;Осетровская РЭБ флота, г. Усть-Кут;Осетровская ремонтно-эксплуатационная база флота; Усть-Кут;;Киренск  ;РКО (РРР до 2022); Эксплуатируется ;;;;;01.01.1988;;;51.14;50.6;7.54;7.5;1243.8;0;31.5;31.5;92.2;;1.3;1.05;;;;;;;0;;;;0;;;;;;;0;;0;;;;0;7;;;;;
182856;2008;;;Плавкран-416;Р-99;Понтон, плавучий причал;Р1,2 I;Речной регистр, Fleetphoto;Бор;Завод «Нижегородский теплоход»; Бор;;Архангельск  ;РКО (РРР до 2022); Не эксплуатируется ;;;;;01.01.1975;;;28.9;28.6;12.3;12;844;0;12.75;12.75;128.75;;2.6;2.176;;;;;;;0;;;;150;;;;;;;0;;0;;;;4;5;;;;;
185409;94;;;ПП-79;Р-99;Плавучий причал, швартовка судов кроме пассажирских;Р1,2 IV;Речной регистр, Fleetphoto;Омск;Завод «Нижегородский теплоход»; Бор;;Моряковка  ;РКО (РРР до 2022); Не эксплуатируется ;;;;;01.01.1979;;;28.6;25.5;12.3;12;834.9;0;0;0;146.12;;2.6;2.1;;Дизельный;;;;;5;;;;0;;;;;;;0;;0;;;;2;6;;;;;
185565;97;;;МП-442;942;Секция №3 плавучего причала, обеспечение перегрузки грузов с транзитных судов на автомобильную техни;О 2,0 IV;Речной регистр, Fleetphoto;Тюменский ССРЗ,Тюмень;Тюменский судостроительный завод; Тюмень;;Омск  ;РКО (РРР до 2022); Эксплуатируется ;;;;;01.01.1973;;;65;63.1;14.2;14;1705.4;0;427;427;1140.3;;2;0.54;;;;;;;0;;;;0;;;;;;;0;;0;;;;1;4;;;;;
185723;120;;;МП-455;942;Секция №1 плавучего причала, обеспечение перегрузки грузов с транзитных судов на автомобильную техни;О 2,0 IV;Речной регистр, Fleetphoto;Тюменский ССРЗ.Тюмень;Тюменский судостроительный завод; Тюмень;;Омск  ;РКО (РРР до 2022); Эксплуатируется ;;;;;01.01.1975;;;65;63.1;14.2;14;1685.3;0;469;469;1140;;2;0.54;;;;;;;0;;;;0;;;;;;;0;;0;;;;1;4;;;;;
185801;б/н;;;СБП-86;944, 944А;Понтон. Плавучий объект, понтон наплавного моста;Р1,2;Fleetphoto, Речной регистр;Тавдинская судоверфь, Тавда;ГП «Тавдинская судостроительная верфь ИРП МРФ РСФСР»; Тавда;;Омск  ;РКО (РРР до 2022); Эксплуатируется ;;;;;01.01.1977;;;46.42;42.6;10.04;10;806.6;0;90;90;300.74;;2;1.15;;;;;;;0;;;;0;;;;;;;0;;0;;;;0;4;;;;;
185887;11;;;ДМ-056;Р-70;Грузопассажирский дебаркадер;Р 1,2 I;Речной регистр, Fleetphoto;Тобольский СРЗ,Тобольск;Тобольский судоремонтный завод ИРП МРФ РСФСР; Тобольск;;Омск  ;РКО (РРР до 2022); Эксплуатируется ;;;;;01.01.1978;;;46;45;12.4;12;2000.8;0;21.5;12;235;;2.7;2.2;;;;;;;3;;;;45;;;;;;;0;;0;;;;2;3;;;;;
185899;12;;;ДМ-09;Р-70;Плавучий объект, грузопассажирский дебаркадер;О 2,0 I;Речной регистр, Fleetphoto;Тобольский СРЗ,Тобольск;Тобольский судоремонтный завод ИРП МРФ РСФСР; Тобольск;;Омск  ;РКО (РРР до 2022); Эксплуатируется ;;;;;01.01.1980;;;45.3;45;12.4;12;1862.1;0;30;20;212.4;;2.7;2.26;;;;;;;1;;;;45;;;;;;;0;;0;;;;2;4;;;;;
189602;11;;;8911;Р-89;Плавучий объект, причальный понтон;Р1,2 I;Речной регистр, Fleetphoto;Вознесенье;Вознесенская ремонтно-эксплуатационная база флота СЗРП; Вознесенье;;Санкт-Петербург  ;РКО (РРР до 2022); плавучий причал ;;;;;01.01.1979;;;64.9;55;14.2;14;1604.61;0;7.5;0;205;;2;1.715;;;;;;;0;;;;0;;;;;;;0;;0;;;;1;5;;;;;
189616;;;;Причал №507 (секция 1);Проект 824 (ПЖ-61);Плавучий объект, плавучий причал;О2,0 IV;Речной регистр;"""Союзморниипроект"", предпричтиеп/я М-5645";;;;;;;;;;;01.01.1979;;;36.27;36;9.4;9;268;0;0;0;0;;2.6;1.2;;;;;;;0;;;;0;;;;;;;0;;0;;;;0;0;;;;;
189617;;;;Причал №507 (секция 2);824 (ПЖ-61);Плавучий объект, плавучий причал;О2,0 IV;Речной регистр;"""Стройниипроект"", предприятие п/я М-5645";;;;;;;;;;;01.01.1979;;;36.27;36;9.4;9;2274.48;0;0;0;0;;2.6;1.2;;;;;;;0;;;;0;;;;;;;0;;0;;;;0;0;;;;;
190010;967;;;1330;Р-89;Плавучий объект, причал паромной переправы;Р1,2;Fleetphoto, Речной регистр;Кострома;"Судоверфь им. ""Комсомольской правды"" ВОРП МРФ РСФСР"; Кострома;;Волгоград  ;РКО (РРР до 2022); Эксплуатируется ;;;;;29.10.1975;;;66.4;63.1;14.2;14;1630;0;0;0;309.5;;2;0.5;;;;;;;0;;;;0;;;;;;;0;;0;;;;1;5;;;;;
190036;863;;;Дебаркадер № 863;47Б;Плавучий объект, дебаркадер;Р1,2 I;Речной регистр, Fleetphoto;"с/в им.""Комсомольской правды"", Кострома";"Судоверфь им. ""Комсомольской правды"" ВОРП МРФ РСФСР"; Кострома;;Санкт-Петербург  ;РКО (РРР до 2022); Эксплуатируется ;;;;;01.01.1976;;;35.4;35;10;9.6;1575.1;0;30;30;360;;2.8;1.63;;;;;;;5;;;;0;;;;;;;0;;0;;;;2;13;;;;;
190044;866;;;ДЕБАРКАДЕР-13;47Б;Плавучий объект установленный у берега, дебаркадер;Р1,2 I;Речной регистр, Fleetphoto;г. Кострома;"Судоверфь им. ""Комсомольской правды"" ВОРП МРФ РСФСР"; Кострома;;Пермь  ;РКО (РРР до 2022); Эксплуатируется ;;;;;01.01.1976;;;35.4;35;10;9.6;1743;0;56;30;360;;2.8;1.63;;;;;;;4;;;;0;;;;;;;0;;0;;;;2;11;;;;;
190138;878;;;ДЖ-878;47Б (35 метров);Плавучий объект, дебаркадер;Р1,2;Fleetphoto, Речной регистр;Кострома;"Судоверфь им. ""Комсомольской правды"" ВОРП МРФ РСФСР"; Кострома;;Москва  ;РКО (РРР до 2022); Эксплуатируется ;;;;;01.01.1978;;;35.4;35;10;9.6;1743.3;0;56;30;360;;2.8;1.63;;;;;;;1;;;;0;;;;;;;0;;0;;;;2;11;;;;;
190152;941;;;Понтон-53;133Б;Грузопассажирский понтон;Р1,2 I;Речной регистр, Fleetphoto;"судоверфь им.""Комсомольской Правды"", г.Кострома";"Судоверфь им. ""Комсомольской правды"" ВОРП МРФ РСФСР"; Кострома;;Самара  ;РКО (РРР до 2022); холодный отстой ;;;;;01.01.1979;;;45.5;45;12.5;12;1400.9;0;152;150;570;;2.8;1.62;;;;;;;3;;;;0;;;;;;;0;;0;;;;2;6;;;;;
190187;1111;;;Ладога;14840;Плавучий объект, дебаркадер;Р 1,2 I;Речной регистр, Fleetphoto;с/в им. Комсомольской правды, Кострома;"Судоверфь им. ""Комсомольской правды"" ВОРП МРФ РСФСР"; Кострома;;Санкт-Петербург  ;РКО (РРР до 2022); Эксплуатируется ;;;;;01.01.1979;;;54.2;45;13.4;12;2680.01;0;0;0;0;;2.8;1.05;;;;;;;10;;;;0;;;;;;;0;;0;;;;2;5;;;;;
192190;01;;;ДЕБАРКАДЕР-701;JSL 701;Несамоходное плавучие сооружение, дебаркадер;Р1,2 I;Речной регистр;ЦЗЯМУСЫ;;;;;;;;;;;01.01.2007;;;60.7;60;13.5;13.5;4768.6;0;5.2;0;394;;1.97;1.47;;;;;;;5;;;;0;;;;;;;0;;0;;;;1;8;;;;;
195726;33;;;СБП-533;Р-92А;Баржа-площадка с аппарельным устройством, перевозка МСГ и самоходной техники/секция наплавного моста;Р 1,2 IV;Речной регистр, Fleetphoto;Новосибирская РЭБ,Нижневартовск;ГП «Новосибирский судоремонтно-судостроительный завод ЗСРП МРФ РСФСР»; Новосибирск;;Омск  ;РКО (РРР до 2022); Эксплуатируется ;;;;;01.01.1977;;;48.3;47.5;12.15;12;970.7;0;60;60;205.65;;1.8;1.22;;;;;;;0;;;;0;;;;;;;0;;0;;;;1;4;;;;;
195901;84;;;МП-301;942А;Секция №2 плавучего причала, обеспечение перегрузки грузов с транзитных судов на автомобильную техни;О 2,0 IV;Речной регистр, Fleetphoto;Моряковская РЭБ, Моряковка;ГП «Моряковская ремонтно-эксплуатационная база флота ЗСРП МРФ РСФСР»; Моряковка;;Омск  ;РКО (РРР до 2022); Эксплуатируется ;;;;;01.01.1983;;;65;63.1;14.2;14;1705.4;0;427;427;1140.3;;2;0.54;;;;;;;0;;;;0;;;;;;;0;;0;;;;1;4;;;;;
195909;1;;;ПП-201;942П;Плавпричал пассажирский;Р1,2;Речной регистр, Fleetphoto;Барнаул;ГП «Барнаульская ремонтно-эксплуатационная база флота ЗСРП МРФ РСФСР»; Барнаул;;Томск  ;РКО (РРР до 2022); Не эксплуатируется ;;;;;01.01.1983;;;65.46;63.1;14.46;14;1810.4;0;1000;0;1210;;2;1.64;;;;;;;0;;;;0;;;;;;;0;;0;;;;1;4;;;;;
195917;7;;;ТК-200-2;257Б/922.14/257Б;Понтон. Плавучий причал. Швартовка и стоянка судов;Р1,2 IV;Речной регистр;Моряковка;;;;;;;;;;;01.01.1957;;;37.07;34.8;8.3;8;585.8;0;200;200;277;;2.35;1.26;;;;;;;0;;;;0;;;;;;;1;;10.6;;;;2;3;;;;;
195949;4;;;ПП-204;942П;Плавучий причал, швартовка и стоянка судов, посадка и высадка пассажиров;Р1,2 IV;Речной регистр, Fleetphoto;Барнаул РЭБ флота;ГП «Барнаульская ремонтно-эксплуатационная база флота ЗСРП МРФ РСФСР»; Барнаул;;Барнаул  ;РКО (РРР до 2022); Не эксплуатируется ;;;;;01.01.1984;;;65.46;63.1;14.46;14;1810.4;0;1.5;0;258;;2;1.64;;;;;;;1;;;;0;;;;;;;0;;0;;;;1;4;;;;;
195976;5;;;ПП-205;942П;Плавучий причал, швартовка и стоянка судов, посадка и высадка пассажиров;Р1,2 IV;Речной регистр, Fleetphoto;Барнаул;ГП «Барнаульская ремонтно-эксплуатационная база флота ЗСРП МРФ РСФСР»; Барнаул;;Барнаул  ;РКО (РРР до 2022); Эксплуатируется ;;;;;01.01.1985;;;65.46;63.1;14.46;14;1810.4;0;1.5;0;258;;2;1.64;;;;;;;1;;;;0;;;;;;;0;;0;;;;1;4;;;;;
195981;6;;;ПП-206;942П;Плавпричал пассажирский;Р1,2;Речной регистр, Fleetphoto;Барнаул;ГП «Барнаульская ремонтно-эксплуатационная база флота ЗСРП МРФ РСФСР»; Барнаул;;Томск  ;РКО (РРР до 2022); Не эксплуатируется ;;;;;01.01.1985;;;65.46;63.1;14.46;14;1810.4;0;1000;0;1210;;2;1.64;;;;;;;0;;;;0;;;;;;;0;;0;;;;1;4;;;;;
198488;2046;;273358250;Подводтехстрой-01;Р-99;Несамоходное специализ. судно-понтон, прокладка кабеля;М-СП3,5;Fleetphoto, Речной регистр;БОР, з-д Теплоход;Завод «Нижегородский теплоход»; Бор;;Санкт-Петербург  ;РКО (РРР до 2022); Эксплуатируется ;;;;;04.09.1979;;;31.4;28.6;12.3;12;690.5;0;126;20;354;;2.6;1.491;;Дизельный;ТМЗ 8481.10-07;;;;10;;;;0;;;;;;;0;;0;;;;2;4;;;;;
200023;306;;;СБП-80;183ВМ;Причальный понтон;Р 1,2 IV;Речной регистр, Fleetphoto;Нижневартовск;Улан-Удэнский ССРЗ; Улан-Удэ;;Омск  ;РКО (РРР до 2022); Эксплуатируется ;;;;;01.01.1981;;;35.5;35;7.8;7.5;320;0;0;0;48;;1.3;1;;;;;;;0;;;;0;;;;;;;0;;0;;;;0;3;;;;;
200067;298;;;ТПСП-641;183В, 183ВМ;Плавучий объект, понтон;Р1,2;Fleetphoto, Речной регистр;Тюменский ССЗ,Тюмень;Улан-Удэнский ССРЗ; Улан-Удэ;;Омск  ;РКО (РРР до 2022); Эксплуатируется ;;;;;29.04.1981;;;35.54;35;7.92;7.5;320;0;60;60;203.15;;1.3;0.44;;;;;;;0;;;;0;;;;;;;0;;0;;;;0;2;;;;;
200123;7/329;;;ТПСП-643;183ВМ;Плавучий объект, понтон;Р1,2 IV;Речной регистр;Тюменский ССЗ,Тюмень;;;;;;;;;;;01.01.1981;;;34.55;34.55;7.8;7.5;320;0;60;60;195.05;;1.3;0.44;;;;;;;0;;;;0;;;;;;;0;;0;;;;0;2;;;;;
200363;5;;;П-1011;260*;Н/с стоечный плавучий причал;Р 1,2 IV;Речной регистр;Павлодар;;;;;;;;;;;01.01.1983;;;68.12;62.5;14.2;14;1710;0;1000;1000;1208;;2;1.6;;;;;;;0;;;;0;;;;;;;0;;0;;;;1;4;;;;;
201312;;;;06-37/0034;Р-148;Плавучий объект, дебаркадер;Р1,2 I;Речной регистр, Fleetphoto;Павловщина;Павловская ремонтно-эксплуатационная база флота ЕРП МРФ РСФСР; Павловщина;;Красноярск  ;РКО (РРР до 2022); Эксплуатируется ;;;;;01.01.1981;;;28.15;28;7.64;7;899.9;0;13.79;20.1;82.9;;2;1.5;;;;;;;3;;;;0;;;;;;;0;;0;;;;2;2;;;;;
201326;2;;;ДМ-25-2;Р-148;Плавучий объект, пассажирский дебаркадер;Р1,2;Fleetphoto, Речной регистр;Павловщина;Павловская ремонтно-эксплуатационная база флота ЕРП МРФ РСФСР; Павловщина;;Красноярск  ;РКО (РРР до 2022); Эксплуатируется ;;;;;25.12.1981;;;28.15;28;7.64;7;461.29;0;13.76;0;0;;2;1.5;;;;;;;3;;;;30;;;;;;;0;;0;;;;0;2;;;;;
201465;;;;БРП-274;183Б, 183БМ;Понтон. Плавучий объект, плавучий причал;Р1,2;Fleetphoto, Речной регистр;Красноярская судостроительная верфь, г.Красноярск;ГП «Красноярская судостроительная верфь»; Красноярск;;Красноярск  ;РКО (РРР до 2022); Эксплуатируется ;;;;;24.12.1981;;;35.54;35;7.54;7.5;307.9;0;200;200;248.9;;1.3;1.04;;;;;;;0;;;;0;;;;;;;0;;0;;;;0;3;;;;;
201677;4;;;ДМ-25-4;Р-148;Дебаркадер. Плавучий объект, стоечное для причала судов;Р1,2 IV;Fleetphoto, Речной регистр;Павловская РЭБ;Павловская ремонтно-эксплуатационная база флота ЕРП МРФ РСФСР; Павловщина;;Красноярск  ;РКО (РРР до 2022); Эксплуатируется ;;;;;19.07.1984;;;28.15;28;7.64;7;461.3;0;0;0;71.35;;2;1.51;;;;;;;0;;;;0;;;;;;;0;;0;;;;0;2;;;;;
203735;38;;;2007;Р-127;Баржа-площадка, секция наплавного моста;Р1,2;Fleetphoto, Речной регистр;Криуши;Криушинский судоремонтный завод ВОРП; Криуши;;Мезень  ;РКО (РРР до 2022); секция наплавного моста ;;;;;24.04.1986;;;35.54;35;7.54;7.5;324.6;0;40;40;99.6;;1.3;0.877;;;;;;;0;;;;0;;;;;;;0;;0;;;;2;5;;;;;
206117;1;;;Понтон №1;15164;Однопалубный понтон, плавучий причал;Р1,2 IV;Речной регистр, Fleetphoto;Северодвинск;Машиностроительное предприятие «Звёздочка», п/я В-2955; Северодвинск;;Котлас  ;РКО (РРР до 2022); Эксплуатируется ;;;;;01.01.1984;;;36.71;36;8.4;8.2;600;0;57;57;210;;2.2;1.8;;;;;;;0;;;;0;;;;;;;0;;0;;;;0;5;;;;;
206118;3;;;Понтон №3;15164;Однопалубный понтон, плавучий причал;Р1,2 IV;Речной регистр, Fleetphoto;Северодвинск;Машиностроительное предприятие «Звёздочка», п/я В-2955; Северодвинск;;Котлас  ;РКО (РРР до 2022); Эксплуатируется ;;;;;01.01.1984;;;36.71;36;8.4;8.2;600;0;57;57;210;;2.2;1.8;;;;;;;0;;;;0;;;;;;;0;;0;;;;0;5;;;;;
206119;4;;;Понтон №4;15164;Однопалубный понтон, плавучий причал;Р1,2 IV;Речной регистр, Fleetphoto;Северодвинск;Машиностроительное предприятие «Звёздочка», п/я В-2955; Северодвинск;;Котлас  ;РКО (РРР до 2022); Эксплуатируется ;;;;;01.01.1984;;;36.71;36;8.4;8.2;600;0;57;57;210;;2.2;1.8;;;;;;;0;;;;0;;;;;;;0;;0;;;;0;5;;;;;
206181;5;;;Понтон №5;15164;Однопалубный понтон, плавучий причал;Р1,2 IV;Речной регистр, Fleetphoto;Северодвинск;Машиностроительное предприятие «Звёздочка», п/я В-2955; Северодвинск;;Котлас  ;РКО (РРР до 2022); Эксплуатируется ;;;;;01.01.1985;;;36.71;36;8.4;8.2;600;0;57;57;210;;2.2;1.8;;;;;;;0;;;;0;;;;;;;0;;0;;;;0;5;;;;;
206197;6;;;Понтон №6;15164;Однопалубный понтон, плавучий причал;Р1,2 IV;Речной регистр, Fleetphoto;Северодвинск;Машиностроительное предприятие «Звёздочка», п/я В-2955; Северодвинск;;Котлас  ;РКО (РРР до 2022); Эксплуатируется ;;;;;01.01.1985;;;36.71;36;8.4;8.2;600;0;57;57;210;;2.2;1.8;;;;;;;0;;;;0;;;;;;;0;;0;;;;0;5;;;;;
206201;7;;;Понтон №7;15164;Однопалубный понтон, плавучий причал;Р1,2 IV;Речной регистр, Fleetphoto;Северодвинск;Машиностроительное предприятие «Звёздочка», п/я В-2955; Северодвинск;;Котлас  ;РКО (РРР до 2022); Эксплуатируется ;;;;;01.01.1985;;;36.71;36;8.4;8.2;600;0;57;57;210;;2.2;1.8;;;;;;;0;;;;0;;;;;;;0;;0;;;;0;5;;;;;
206202;8;;;Понтон №8;15164;Однопалубный понтон, плавучий причал;Р1,2 IV;Речной регистр, Fleetphoto;Северодвинск;Машиностроительное предприятие «Звёздочка», п/я В-2955; Северодвинск;;Котлас  ;РКО (РРР до 2022); Эксплуатируется ;;;;;01.01.1985;;;36.71;36;8.4;8.2;600;0;57;57;210;;2.2;1.8;;;;;;;0;;;;0;;;;;;;0;;0;;;;0;5;;;;;
207930;1201;;;ПП-1;Р172;Понтон причальный;Р1,2 I;Речной регистр, Fleetphoto;с/в им.Комсомольской Правды, г.Кострома;"Судоверфь им. ""Комсомольской правды"" ВОРП МРФ РСФСР"; Кострома;;Нижний Новгород  ;РКО (РРР до 2022); Эксплуатируется ;;;;;01.01.1982;;;45.4;45;12.4;12;1573.5;0;174;0;396.4;;2.8;1.58;;;;;;;4;;;;0;;;;;;;0;;0;;;;2;4;;;;;
207933;1202;;;ПП-2;Р172;Причальный понтон;Р1,2 I;Речной регистр, Fleetphoto;"судоверфь им. ""Комсомольской Правды"", Кострома";"Судоверфь им. ""Комсомольской правды"" ВОРП МРФ РСФСР"; Кострома;;Чебоксары  ;РКО (РРР до 2022); Эксплуатируется ;;;;;01.01.1983;;;54.4;45;12.4;12;1519.7;0;174;8;382;;2.8;1.58;;;;;;;2;;;;0;;;;;;;0;;0;;;;2;4;;;;;
209020;93;;;408;Р-92;Стоечный понтон;Р1,2;Речной регистр, Fleetphoto;с/в им.Ярославского;Судостроительная верфь им. Ярославского ВСРП МРФ РСФСР; Листвянка;;Листвянка  ;РКО (РРР до 2022); Эксплуатируется ;;;;;01.01.1981;;;48.34;45.1;12.16;12;973;0;400;400;142.3;;1.8;0.7;;;;;;;0;;;;0;;;;;;;0;;0;;;;1;4;;;;;
211076;66;;;СБП-566;Р-92А;Баржа-площадка/секция наплавного моста;Р1,2 IV;Речной регистр, Fleetphoto;Новосибирск;ГП «Новосибирская ремонтно-эксплуатационная база флота ЗСРП МРФ РСФСР»; Новосибирск;;Омск  ;РКО (РРР до 2022); секция наплавного моста ;;;;;01.01.1986;;;48.3;47.5;12.16;12;970.7;0;60;60;206.01;;1.8;1.23;;;;;;;0;;;;0;;;;;;;0;;0;;;;1;4;;;;;
211097;70;;;564;Р-92А;Наплавной мост. Баржа-площадка/секция наплавного моста;Р1,2 IV;Речной регистр, Fleetphoto;Новосибирск;ГП «Новосибирская ремонтно-эксплуатационная база флота ЗСРП МРФ РСФСР»; Новосибирск;;Омск  ;РКО (РРР до 2022); Эксплуатируется ;;;;;01.01.1986;;;48.3;47.5;12.16;12;970.7;0;60;60;206.01;;1.8;1.23;;;;;;;0;;;;0;;;;;;;0;;0;;;;1;4;;;;;
211247;2;;;ПП-211;191В;Причальный понтон, посадка и высадка пассажиров;Р1,2 IV;Речной регистр, Fleetphoto;Моряковка;ГП «Моряковская ремонтно-эксплуатационная база флота ЗСРП МРФ РСФСР»; Моряковка;;Новосибирск  ;РКО (РРР до 2022); Не эксплуатируется ;;;;;01.01.1989;;;26.6;25.8;5;5;230;0;14.9;0;42.57;;1.8;1.47;;;;;;;0;;;;0;;;;;;;0;;0;;;;0;3;;;;;
211281;3;;;ПП-217;191В;Причальный понтон, посадка и высадка пассажиров;Р1,2 IV;Речной регистр, Fleetphoto;Моряковка;ГП «Моряковская ремонтно-эксплуатационная база флота ЗСРП МРФ РСФСР»; Моряковка;;Новосибирск  ;РКО (РРР до 2022); Эксплуатируется ;;;;;01.01.1990;;;26.6;25.8;5;5;230;0;14.9;0;42.57;;1.8;1.47;;;;;;;0;;;;0;;;;;;;0;;0;;;;0;3;;;;;
211283;4;;;ПП-218;191В;Причальный понтон, посадка и высадка пассажиров;Р1,2 IV;Речной регистр, Fleetphoto;Моряковка;ГП «Моряковская ремонтно-эксплуатационная база флота ЗСРП МРФ РСФСР»; Моряковка;;Новосибирск  ;РКО (РРР до 2022); Эксплуатируется ;;;;;01.01.1990;;;26.6;25.8;5;5;230;0;14.9;0;42.57;;1.8;1.47;;;;;;;0;;;;0;;;;;;;0;;0;;;;0;3;;;;;
211292;4;;;ПП-215;191В;Причальный понтон, посадка и высадка пассажиров;Р1,2 I;Речной регистр, Fleetphoto;г. Барнаул РЭБ флота;ГП «Барнаульская ремонтно-эксплуатационная база флота ЗСРП МРФ РСФСР»; Барнаул;;Барнаул  ;РКО (РРР до 2022); Эксплуатируется ;;;;;01.01.1990;;;26.6;25.8;5;5;229.2;0;14.19;0;42.57;;1.8;1.47;;;;;;;0;;;;0;;;;;;;0;;0;;;;0;3;;;;;
211577;3/49;;;ТПСП-509;944, 944А;Плавучий объект, понтон наплавного моста;Р1,2;Fleetphoto, Речной регистр;Тавдинская судоверфь,Тавда;ГП «Тавдинская ремонтно-эксплуатационная база флота ОИОРП МРФ РСФСР»; Тавда;;Омск  ;РКО (РРР до 2022); Эксплуатируется ;;;;;04.02.1983;;;52.42;42.6;10.04;10;806.6;0;90;90;310.27;;2;1.13;;;;;;;0;;;;0;;;;;;;0;;0;;;;0;4;;;;;
211585;10/156;;;МП-109;944, 944А;Плавучий объект, понтон наплавного моста;Р1,2;Fleetphoto, Речной регистр;Тавдинская РЭБ,Тавда;ГП «Тавдинская ремонтно-эксплуатационная база флота ОИОРП МРФ РСФСР»; Тавда;;Омск  ;РКО (РРР до 2022); Не эксплуатируется ;;;;;31.08.1983;;;52.42;42.6;10.04;10;806.6;279.2;90;90;310.27;;2;1.13;;;;;;;0;;;;0;;;;;;;0;;0;;;;0;4;;;;;
211623;719;;;МП-3293;Р-56;Секция наплавного моста/Плавучий причал для причаливания сухогрузных судов и выполнения погрузочно-р;Р 1,2 IV;Речной регистр, Fleetphoto;Тюменский ССЗ,Тюмень;Тюменский судостроительный завод им. 60-летия СССР; Тюмень;;Омск  ;РКО (РРР до 2022); секция наплавного моста ;;;;;01.01.1983;;;85.5;83.35;18.1;16.5;3735.6;0;240;240;1300;;2.85;1.7;;;;;;;0;;;;0;;;;;;;0;;0;;;;2;6;;;;;
211674;10/423;;;ТПСП-646;183ВМ;Плавучий объект, понтон;Р1,2 IV;Речной регистр, Fleetphoto;а/я-1231, Улан-Удэ;Улан-Удэнский ССРЗ; Улан-Удэ;;Омск  ;РКО (РРР до 2022); Эксплуатируется ;;;;;01.01.1983;;;34.55;34.55;7.5;7.5;320;0;60;60;195.05;;1.3;0.44;;;;;;;0;;;;0;;;;;;;0;;0;;;;0;2;;;;;
211724;12/18;;;ТПСП-648;183БМ;Плавучий объект, понтон;Р1,2 IV;Речной регистр, Fleetphoto;Тюменский ССЗ,Тюмень;Улан-Удэнский ССРЗ; Улан-Удэ;;Омск  ;РКО (РРР до 2022); Эксплуатируется ;;;;;01.01.1985;;;42.22;34.55;7.7;7.5;324.9;0;60;60;169.45;;1.3;0.44;;;;;;;0;;;;0;;;;;;;0;;0;;;;0;2;;;;;
211946;4;;;ДМ-01;Р-70;Грузопассажирский дебаркадер;Р 1,2 I;Речной регистр, Fleetphoto;Тобольская РЭБ,Тобольск;Тобольская ремонтно-эксплуатационная база флота ОИРП МРФ РСФСР; Тобольск;;Омск  ;РКО (РРР до 2022); Эксплуатируется ;;;;;01.01.1989;;;47.8;45;12.4;12;2165.4;0;43;20;282;;2.7;2.16;;;;;;;3;;;;0;;;;;;;0;;0;;;;4;4;;;;;
213240;;;;Каспий;14840;Плавучий объект, дебаркадер, обеспечение стоянки судов;Р1,2 I;Речной регистр, Fleetphoto;Кострома;"Судоверфь им. ""Комсомольской правды"" ВОРП МРФ РСФСР"; Кострома;;Санкт-Петербург  ;РКО (РРР до 2022); Эксплуатируется ;;;;;01.01.1983;;;54.2;45;13.4;12;2680.01;0;0;0;609;;2.8;1.21;;;;;;;10;;;;0;;;;;;;0;;0;;;;2;5;;;;;
213752;1204;;;ПП-5;Р-172;Железобетонный понтон-причал;Р1,2 I;Речной регистр, Fleetphoto;"г.Кострома, с/в им.""Комсомольской Правды""";"Судоверфь им. ""Комсомольской правды"" ВОРП МРФ РСФСР"; Кострома;;Камышин  ;РКО (РРР до 2022); Эксплуатируется ;;;;;01.01.1984;;;45.4;45;12.4;12;1550.8;0;8;0;600;;2.8;1.62;;;;;;;3;;;;0;;;;;;;0;;0;;;;2;4;;;;;
214227;1209;;;ПП-7;Р-172;Причальный понтон;Р1,2 I;Речной регистр, Fleetphoto;"судоверфь им.""Комсомольской Правды"", г.Кострома";"Судоверфь им. ""Комсомольской правды"" ВОРП МРФ РСФСР"; Кострома;;Козьмодемьянск  ;РКО (РРР до 2022); Эксплуатируется ;;;;;01.01.1985;;;45.5;45;12.4;12;1573.5;0;174;0;556;;2.8;1.58;;;;;;;2;;;;0;;;;;;;0;;0;;;;2;4;;;;;
214230;;;;П-217;Р-172;Причальный ж/б понтон;Р1,2 I;Речной регистр, Fleetphoto;Кострома;"Судоверфь им. ""Комсомольской правды"" ВОРП МРФ РСФСР"; Кострома;;Углич  ;РКО (РРР до 2022); Приостановлено действие документов ;;;;;01.01.1985;;;45.4;45;0;12;1550;0;237.6;237.6;658.8;;2.8;1.58;;;;;;;0;;;;0;;;;;;;0;;0;;;;2;4;;;;;
214536;40;;;ПРП-20 №40;1345/Т;Плавучий объект, плавучий причал;Р1,2 I;Речной регистр, Fleetphoto;Астрахань;Мумринский судоремонтный завод; Мумра;;Астрахань  ;РКО (РРР до 2022); Эксплуатируется ;;;;;01.01.1980;;;25.9;25;7.2;7;387.7;0;0;0;73.4;;1.4;0.62;;;;;;;3;;;;0;;;;;;;0;;0;;;;2;5;;;;;
214546;1;;;Богдо;81390/Д;Плавучий объект, пассажирский дебаркадер;Р1,2 I;Речной регистр, Fleetphoto;Астрахань;ОАО «ССРЗ им. III Интернационала»; Астрахань;;Ахтубинск  ;РКО (РРР до 2022); Эксплуатируется ;;;;;01.01.2001;;;46.7;43.2;10.32;10;1460.3;0;0;0;216.8;;3;2;;;;;;;3;;;;70;;;;;;;0;;0;;;;2;6;;;;;
214575;1;;;Алдан;5387;Несамоходный понтон, перевозка стройтехники;О2,0;Речной регистр, Fleetphoto;Ахтубинск;Ахтубинский ССРЗ; Ахтубинск;;Астрахань  ;РКО (РРР до 2022); Эксплуатируется ;;;;;01.01.2002;;;42.9;42.4;13.17;13.1;1474.4;0;638;638;900;;2.7;0.99;;;;;;;0;;;;0;;;;;;;0;;0;;;;1;4;;;;;
214576;2;;;Чульман;5387;Несамоходный понтон, перевозка стройтехники;О2,0;Речной регистр, Fleetphoto;Ахтубинск;Ахтубинский ССРЗ; Ахтубинск;;Астрахань  ;РКО (РРР до 2022); Эксплуатируется ;;;;;01.01.2002;;;42.9;42.4;13.17;13.1;1476.1;0;638;638;900;;2.7;0.99;;;;;;;0;;;;0;;;;;;;0;;0;;;;1;4;;;;;
218713;1210;;;П-218;Р-172;Плавучий объект, причальный понтон для швартовки пас. судов;Р1,2 I;Речной регистр, Fleetphoto;"судоверфь имени ""Комсомольской Правды"", г.Кострома";"Судоверфь им. ""Комсомольской правды"" ВОРП МРФ РСФСР"; Кострома;;Москва  ;РКО (РРР до 2022); Эксплуатируется ;;;;;01.01.1986;;;45.4;45;12.4;12;1548;0;0;0;637.2;;2.8;1.52;;;;;;;3;;;;0;;;;;;;0;;0;;;;2;4;;;;;
218714;1211;;;ПП-8;Р172;Плавучий причал, швартовка судов;Р1,2 I;Речной регистр, Fleetphoto;судоверфь имени Комсомольской Правды, Кострома;"Судоверфь им. ""Комсомольской правды"" ВОРП МРФ РСФСР"; Кострома;;Нижний Новгород  ;РКО (РРР до 2022); Эксплуатируется ;;;;;01.01.1986;;;45.4;45;12.4;12;1573.5;0;174;0;556;;2.8;1.62;;;;;;;0;;;;0;;;;;;;0;;0;;;;2;4;;;;;
218715;1212;;;Понтон-9;Р-172;Причальный понтон;Р1,2 I;Речной регистр, Fleetphoto;Кострома;"Судоверфь им. ""Комсомольской правды"" ВОРП МРФ РСФСР"; Кострома;;Москва  ;РКО (РРР до 2022); Эксплуатируется ;;;;;01.01.1986;;;45.5;45;12.5;12;1550;0;8;0;556;;2.8;1.99;;;;;;;0;;;;0;;;;;;;0;;0;;;;2;4;;;;;
218955;493;;;№ 493;183БМ;Плавучий объект, плавучий причал для посадки и высадки пассажиров;Р1,2 I;Речной регистр;Сокольская судоверфь;;;;;;;;;;;01.01.1986;;;29.4;29.4;7.5;7.5;285.1;0;0;0;69.9;;1.3;1.014;;;;;;;0;;;;0;;;;;;;0;;0;;;;0;3;;;;;
218962;7;;;ПП-11;81100;Плавучий причал;О2,0 I;Речной регистр, Fleetphoto;Сокольская судоверфь, п.Сокольское;Сокольская судоверфь; Сокольское;;Нижний Новгород  ;РКО (РРР до 2022); Эксплуатируется ;;;;;01.01.1986;;;71;69.6;14.4;14;2003.6;0;1279.21;0;1668;;2;0.4;;;;;;;5;;;;0;;;;;;;0;;0;;;;5;11;;;;;
219411;1215;;;1215;Р-172;Понтон-причал;Р1,2 I;Речной регистр, Fleetphoto;"г.Кострома, судоверфь им.""Комсомольской Правды""";"Судоверфь им. ""Комсомольской правды"" ВОРП МРФ РСФСР"; Кострома;;Нижний Новгород  ;РКО (РРР до 2022); Эксплуатируется ;;;;;01.01.1987;;;45.4;45;12.4;12;549;0;8;8;556;;2.8;1.62;;;;;;;1;;;;0;;;;;;;0;;0;;;;2;4;;;;;
219414;1214;;;ПП-12;Р-172;Плавучий причал;Р1,2 I;Fleetphoto, Речной регистр;Кострома;"Судоверфь им. ""Комсомольской правды"" ВОРП МРФ РСФСР"; Кострома;;Нижний Новгород  ;РКО (РРР до 2022); Эксплуатируется ;;;;;09.07.1987;;;45.4;45;12.4;12;1681;0;174;0;0;;2.8;1.62;;;;;;;2;;;;0;;;;;;;0;;0;;;;2;4;;;;;
219415;1213;;;П-219;Р-172;Причальный понтон;Р1,2 I;Речной регистр, Fleetphoto;"Судоверфь им. ""Комсомольской правды"", Кострома";"Судоверфь им. ""Комсомольской правды"" ВОРП МРФ РСФСР"; Кострома;;Тверь  ;РКО (РРР до 2022); Эксплуатируется ;;;;;01.01.1987;;;45.4;45;12.4;12;1548;0;174;0;556;;2.8;1.66;;;;;;;0;;;;0;;;;;;;0;;0;;;;2;4;;;;;
219433;4;;;ДП-7;Р-145;Плавучий объект, дебаркадер для швартовки маломерных судов;О2,0 I(лед10);Речной регистр, Fleetphoto;Сокольская судоверфь;Сокольская судоверфь; Сокольское;;Волгоград  ;РКО (РРР до 2022); Эксплуатируется ;;;;;01.01.1987;;;55.24;55;14.24;14;1814;0;71.56;50;583;;2.5;1.625;;;;;;;3;;;;45;;;;;;;0;;0;;;;1;5;;;;;
219871;;;;КП-480-502;БП-501;Несамоходная секция наплавного моста;Л0,6;Fleetphoto, Речной регистр;Петрокрепость;ГП «Невский ССЗ»; Петрокрепость;;Озёрное  ;РКО (РРР до 2022); Эксплуатируется ;;;;;01.01.1983;;;55.5;43.2;10.04;10;263.2;0;50;50;170;;2.1;1.15;;;;;;;0;;;;0;;;;;;;0;;0;;;;2;4;;;;;
220039;1;;;ПП-7;БП;Несамоходный плавучий причал, швартовка судов, а также посадка и высадка пассажиров;Л0,6 I;Речной регистр, Fleetphoto;Барнаул;ГП «Барнаульская ремонтно-эксплуатационная база флота ЗСРП МРФ РСФСР»; Барнаул;;Барнаул  ;РКО (РРР до 2022); Эксплуатируется ;;;;;01.01.1988;;;29.4;27;7.62;7.62;272.1;0;3.8;0;0;;1.4;1;;;;;;;0;;;;0;;;;;;;0;;0;;;;0;3;;;;;
220245;;;;Понтон-3;429.14;Плавучий причал, для швартовки судов;Р1,2 IV;Речной регистр, Fleetphoto;п. Самусь;ООО «Самусьский судостроительно-судоремонтный завод»; Самусь;;Новосибирск  ;РКО (РРР до 2022); Эксплуатируется ;;;;;01.01.2013;;;33.78;29.28;8.39;7.05;322.6;0;75;75;113.8;;1.22;0.496;;;;;;;0;;;;12;;;;;;;0;;0;;;;0;2;;;;;
220247;;;;Понтон-4;430.14;Стоечный понтон, причаливание судов и хранение грузов;Р1,2 IV;Речной регистр;п. Самусь;;;;;;;;;;;01.01.2013;;;27.13;26.54;8.35;7.05;188.5;0;63.8;63.8;96.6;;2.32;0.496;;;;;;;0;;;;0;;;;;;;0;;0;;;;0;3;;;;;
220279;;;;пр.Первомайская №3;РЕГК.06287/НМ;Плавучий объект, наплавной мост из 2-х секций, проезд автомобильного транспорта полной массой не бол;Р1,2 III;Речной регистр;Стрежевой;;;;;;;;;;;01.01.2018;;;101;85.2;10.26;10;1576.3;0;0;0;0;;2;1.06;;;;;;;0;;;;0;;;;;;;0;;0;;;;0;0;;;;;
220285;3;;;НПМ-1;620.18;Плавпричал;Л0,6 III;Fleetphoto, Морской регистр;;ООО «Самусьский судостроительно-судоремонтный завод»; Самусь;Россия;Большой порт Санкт-Петербург;РКО (РРР до 2022); Эксплуатируется ;;10/11/2022;;;02.11.2018;44;44;44.18;;12.3;;81;39;29;;161;0.77;1.58;;;Несамоходное;;;;;;;;;;;;;;;;;;;;;1;;;4;;;;
220807;460;;;Плавучий причал № 460;824М;Плавпричал, швартовка и стоянка судов;Р1,2 I;Речной регистр, Fleetphoto;п/я М-5645;Свирская судостроительная верфь; Никольский;;Астрахань  ;РКО (РРР до 2022); Эксплуатируется ;;;;;01.01.1989;;;109.4;108.8;9.6;9;2416.8;0;0;0;1386;;2.6;1.15;;;;;;;0;;;;0;;;;;;;0;;0;;;;0;11;;;;;
222118;4;;;СВ-23;81020П;Брандвахта-дебаркадер;Р1,2 I;Речной регистр, Fleetphoto;Щельяюр;Щельяюрская ремонтно-эксплуатационная база флота ПРП МРФ РСФСР; Щельяюр;;Нижний Новгород  ;РКО (РРР до 2022); Эксплуатируется ;;;;;01.01.1988;;;45;44.7;9.8;9.5;1635.7;0;41;0;282;;1.6;0.84;;;;;;;2;;;;0;;;;;;;0;;0;;;;2;7;;;;;
222742;1;;;ПП-Ванкор;0078/81216;Несамоходное, баржа-причал;О2,0 (лед 10);Речной регистр, Fleetphoto;Красноярск;ОАО «Красноярская судостроительная верфь»; Красноярск;;Ванкор  ;РКО (РРР до 2022); Не эксплуатируется ;;;;;01.01.2006;;;48.01;44.87;10.28;10.09;800.61;0;387;413;560.7;;1.8;0.45;;;;;;;0;;;;0;;;;;;;0;;0;;;;3;4;;;;;
222747;;;;ТМИ-3;40-01/88161-13490А;Несамоходный понтон для перевозки сухогрузов;М1,5;Речной регистр;г.Руан, Франция;;;;;;;;;;;01.01.1979;;;90.4;90;16.5;16.3;6586.12;0;0;2000;0;;5.3;2.8;;;;;;;0;;;;0;;;;;;;0;;0;;;;2;6;;;;;
222752;1;;;Новоселово-1;1324;Плавучий объект, плавучий причал;О2,0 IV;Речной регистр, Fleetphoto;п. Селиваниха ,Минусинская РЭБ;Минусинская ремонтно-эксплуатационная база флота ЕРП МРФ РСФСР; Минусинск;;Красноярск  ;РКО (РРР до 2022); Эксплуатируется ;;;;;01.01.1991;;;23.65;20.09;14.5;14;583.8;0;50;50;0;;2;1.4;;;;;;;0;;;;0;;;;;;;0;;0;;;;5;3;;;;;
222753;2;;;Новоселово-2;1324;Плавучий объект, плавучий причал;О2,0 IV;Fleetphoto, Речной регистр;п. Селиваниха ,Минусинская РЭБ;Минусинская ремонтно-эксплуатационная база флота ЕРП МРФ РСФСР; Минусинск;;Красноярск  ;РКО (РРР до 2022); Эксплуатируется ;;;;;01.01.1991;;;36.45;34.25;14.5;14;945.2;0;50;50;0;;2;1.4;;;;;;;0;;;;0;;;;;;;0;;0;;;;5;6;;;;;
222764;;;;06-37/0029;Р-148;Дебаркадер. Плавучий объект, дебаркадер;Р1,2 I;Речной регистр, Fleetphoto;Минусинск;Минусинская ремонтно-эксплуатационная база флота ЕРП МРФ РСФСР; Минусинск;;Красноярск  ;РКО (РРР до 2022); Эксплуатируется ;;;;;01.01.1992;;;28.15;28;7.64;7;899.9;0;13.79;20;82.9;;2;1.5;;;;;;;3;;;;0;;;;;;;0;;0;;;;0;2;;;;;
222789;11;;;06-37/0028;Р-70;Плавучий объект, дебаркадер;Р1,2;Fleetphoto, Речной регистр;Кононово;Кононовская ремонтно-эксплуатационная база флота ЕРП МРФ РСФСР; Кононово;;Красноярск  ;РКО (РРР до 2022); Эксплуатируется ;;;;;03.08.1989;;;47.8;45;12.4;12;2000;0;43;20;261;;2.7;2.14;;;;;;;3;;;;0;;;;;;;0;;0;;;;4;4;;;;;
222898;;;;КЮ-1852;ПБФ 736.13/БП;Несамоходное, причал для швартовки нефтеналивных судов с темп. вспышки паров выше 60°;Рмс1,2;Речной регистр, Fleetphoto;Кононово;Кононовская ремонтно-эксплуатационная база флота; Кононово;;Лесосибирск  ;РКО (РРР до 2022); Эксплуатируется ;;;;;01.01.2013;;;12.85;12;4.95;4.7;50.4;0;0;0;10.35;;1;0.45;;;;;;;0;;;;0;;;;;;;0;;0;;;;0;2;;;;;
223137;1216;;;ПП-14;Р-172;Причальный понтон;Р1,2 I;Речной регистр, Fleetphoto;"Судоверфь им.""Комсомольской правды"", г.Кострома";"Судоверфь им. ""Комсомольской правды"" ВОРП МРФ РСФСР"; Кострома;;Волгоград  ;РКО (РРР до 2022); Эксплуатируется ;;;;;01.01.1988;;;45.4;45;12.4;12;1550;0;174;8;600;;2.8;1.62;;;;;;;3;;;;0;;;;;;;0;;0;;;;2;4;;;;;
223138;1217;;;П-220;Р-172;Причальный понтон;Р1,2;Fleetphoto, Речной регистр;Судоверфь им. Комсомольской правды, Кострома;"Судоверфь им. ""Комсомольской правды"" ВОРП МРФ РСФСР"; Кострома;;Москва  ;РКО (РРР до 2022); Эксплуатируется ;;;;;31.08.1988;;;45.4;45;12.4;12;1548;0;147;0;556;;2.8;1.62;;;;;;;1;;;;0;;;;;;;0;;0;;;;2;4;;;;;
223163;27;;;ПП-27;1270;Несамоходный понтон для перевозки стройматериалов;О2,0;Речной регистр;г.Туапсе;;;;;;;;;;;01.01.1991;;;23.8;23.5;14.3;14;529.2;0;446.7;446.7;576.3;;3.5;1.47;;;;;;;0;;;;0;;;;;;;0;;0;;;;1;3;;;;;
224369;10;;;МП-710;81218В;"Плавучий причал;для швартовки нефтеналивных судов, перевозящих нефтепродукты с tвсп< 60С";Р1,2 I;Речной регистр, Fleetphoto;Щельяюр;Щельяюрская ремонтно-эксплуатационная база флота ПРП МРФ РСФСР; Щельяюр;;Печора  ;РКО (РРР до 2022); Эксплуатируется ;;;;;01.01.1991;;;48.48;46.12;13.49;13.26;1043.1;0;748;748;909;;1.79;0.22;;;;;;;0;;;;0;;;;;;;0;;0;;;;4;4;;;;;
224503;;;;ЩА 01-99;б/п;Плавучий причал для перегрузки нефтепродуктов с t всп. < 60°C;Лмс0,6;Речной регистр, Fleetphoto;Щельяюр;Щельяюрская ремонтно-эксплуатационная база флота ПРП МРФ РСФСР; Щельяюр;;Ухта  ;РКО (РРР до 2022); Эксплуатируется ;;;;;01.01.1972;;;14.7;14.5;4.7;4.5;108.7;0;4.88;4.88;35;;1.15;0.805;;;;;;;0;;;;0;;;;;;;0;;0;;;;0;3;;;;;
224519;1;;;Понтон № 1;1997;Плавучий объект, наплавной мост для переправы транспорта и пешеходов;Р1,2 IV;Речной регистр, Fleetphoto;Великий Устюг;Великоустюгский ССРЗ; Великий Устюг;;Санкт-Петербург  ;РКО (РРР до 2022); Эксплуатируется ;;;;;01.01.2000;;;41.2;39.5;8.1;7.93;608.5;0;75;75;182.4;;1.9;1.32;;;;;;;0;;;;0;;;;;;;0;;0;;;;0;6;;;;;
224598;28;;;АРЭБ-6;Т-77;Плавучий причал, высадка/посадка пассажиров;Р1,2 I;Речной регистр;Архангельск;;;;;;;;;;;01.01.1985;;;28.8;27.2;6.31;6;232.1;0;2.55;0;33.41;;1.5;0.25;;;;;;;0;;;;30;;;;;;;0;;0;;;;1;8;;;;;
224637;1;;;Понтон № 1;1999;Плавучий объект, наплавной мост для переправы транспорта и пешеходов;Р1,2 IV;Речной регистр, Fleetphoto;Великий Устюг;Великоустюгский ССРЗ; Великий Устюг;;Санкт-Петербург  ;РКО (РРР до 2022); Эксплуатируется ;;;;;01.01.2000;;;29.5;27.85;6.17;6;299.19;0;22;22;79.9;;1.8;1.32;;;;;;;0;;;;0;;;;;;;0;;0;;;;0;5;;;;;
224656;;;;Понтон 1;94.П;Понтон. Технологический понтон для складирования оборудования при стоянке у причала или на рейде;Р1,2 IV;Речной регистр;"ОАО ""Лимендский ССРЗ"", Котлас";;;;;;;;;;;01.01.2004;;;23.84;22.65;6.32;6.3;152.8;0;40;40;70.5;;1.1;0.583;;;;;;;0;;;;0;;;;;;;0;;0;;;;0;4;;;;;
224659;10;;;Понтон 2;94П;Понтон. Технологический понтон для складирования оборудования.;Р1,2 IV;Речной регистр;"ОАО ""Лимендский ССРЗ"", Котлас";;;;;;;;;;;01.01.2004;;;23.84;22.65;6.32;6.3;152.8;0;40;40;70.5;;1.1;0.583;;;;;;;0;;;;0;;;;;;;0;;0;;;;0;4;;;;;
224685;16;;;Понтон 8;94П;Понтон. Технологический понтон для складирования оборудования при стоянке у причала или на рейде;Р1,2 IV;Речной регистр;"ОАО ""Лимендский ССРЗ"", Котлас";;;;;;;;;;;01.01.2004;;;24.5;23.9;8.3;8.3;172.6;0;31.8;31.8;67.3;;1.1;0.665;;;;;;;0;;;;0;;;;;;;0;;0;;;;2;4;;;;;
224748;513;;;ПЖ-61;824;Плавпричал (1 понтон);Р1,2 IV;Речной регистр, Fleetphoto;Свирица;Свирская судостроительная верфь; Никольский;;Архангельск  ;РКО (РРР до 2022); Эксплуатируется ;;;;;01.01.1980;;;36.4;36;9.4;9;837.7;0;80;80;454;;2.6;1.2;;;;;;;0;;;;0;;;;;;;0;;0;;;;0;11;;;;;
224767;506;;;Понтон-1ЛД;824;Понтон. Несамоходный плавучий понтон в составе причала (1 секция);Р1,2 IV;Речной регистр, Fleetphoto;Предприятие п/я М-5645, Свирица;Свирская судостроительная верфь; Никольский;;Архангельск  ;РКО (РРР до 2022); Судьба не установлена ;;;;;01.01.1979;;;36.4;36;9.4;9;874.5;0;80;80;454;;2.67;1.22;;;;;;;0;;;;0;;;;;;;0;;0;;;;0;11;;;;;
224768;506;;;Понтон-2ЛД;824;Понтон. Несамоходный плавучий железобетонный понтон в составе причала (1 секция);Р1,2 IV;Речной регистр, Fleetphoto;Предприятие п/я М-5645, Свирица;Свирская судостроительная верфь; Никольский;;Архангельск  ;РКО (РРР до 2022); Судьба не установлена ;;;;;01.01.1979;;;36.4;36;9.4;9;874.5;0;80;80;454;;2.67;1.22;;;;;;;0;;;;0;;;;;;;0;;0;;;;0;11;;;;;
224772;506;;;Понтон-3ЛД;824;Несамоходный плавучий железобетонный понтон в составе причала (1 секция);Р1,2 IV;Речной регистр, Fleetphoto;Свирица;Свирская судостроительная верфь; Никольский;;Архангельск  ;РКО (РРР до 2022); Судьба не установлена ;;;;;01.01.1979;;;36.4;36;9.4;9;874.5;0;80;80;454;;2.67;1.22;;;;;;;0;;;;0;;;;;;;0;;0;;;;0;11;;;;;
224807;1;;;ОФИС;801403;Плавучий объект, понтон для офисных помещений;Р1,2 I;Речной регистр, Fleetphoto;г.Архангельск;"ОАО ""Судоремонтный завод ""Красная Кузница"""; Архангельск;;Москва  ;РКО (РРР до 2022); Не сдано в эксплуатацию ;;;;;01.01.2007;;;80.24;80;15.8;13.8;3282.8;0;0;0;0;;3.2;1.7;;;;;;;0;;;;0;;;;;;;0;;0;;;;2;5;;;;;
225298;696;;;МН-54;Т-77;Плавучий причал;Р1,2 I;Речной регистр;Долгопрудный;;;;;;;;;;;01.01.1989;;;28.8;27.2;6.4;6;270.4;0;15.6;0;44.01;;1.5;0.25;;;;;;;1;;;;0;;;;;;;0;;0;;;;1;8;;;;;
226263;2;;;Форт Риф;Р-157Б;Плавучий объект, дебаркадер;Р 1,2 I;Речной регистр, Fleetphoto;Благовещенская РЭБ;Благовещенская РБФ  ВНП «Волготанкер»; Благовещенск (р. Белая);;Санкт-Петербург  ;РКО (РРР до 2022); Переоборудован в дебаркадер ;;;;;01.01.1990;;;32.85;31.5;7;7;662.2;0;0;67;1807;;1.6;0.816;;;;;;;3;;;;0;;;;;;;0;;0;;;;2;8;;;;;
226376;15;;;МП-621;81219;Береговая левобережная разводная секция наплавного моста на р.Конда в р-не п.Мулымья для проезда авт;Р 1,2 IV;Речной регистр, Fleetphoto;Тавдинская РЭБ,Тавда;ГП «Тавдинская ремонтно-эксплуатационная база флота ИРП МРФ РСФСР»; Тавда;;Омск  ;РКО (РРР до 2022); Эксплуатируется ;;;;;01.01.1989;;;64.6;58;13.43;13.26;1300;345;78.6;60;243.6;;1.79;1.43;;;;;;;0;;;;0;;;;;;;0;;0;;;;1;5;;;;;
226389;25;;;МП-631;81219;Береговая правобережная неразводная секция наплавного моста на р.Конда в районе п.Мулымья для проезд;Р 1,2 IV;Речной регистр, Fleetphoto;Тавда;Тавдинская судоверфь; Тавда;;Омск  ;РКО (РРР до 2022); Эксплуатируется ;;;;;01.01.1992;;;64.6;58;13.43;13.26;1300;0;78.6;60;243.6;;1.79;1.43;;;;;;;0;;;;0;;;;;;;0;;0;;;;1;5;;;;;
226412;4/41;;;КЭТП;81212Р;Несамоходный паром/секция наплавного моста;Р 1,2 IV;Речной регистр, Fleetphoto;Тюмень;Улан-Удэнский ССРЗ; Улан-Удэ;;Омск  ;РКО (РРР до 2022); Эксплуатируется ;;;;;01.01.1991;;;38.34;38;8.2;8.07;393.4;0;200;200;273;;1.3;0.2;;;;;;;0;;;;6;;;;;;;0;;0;;;;2;6;;;;;
226535;1219;;;ПП-15;Р-172;Причальный понтон;Р1,2 I;Речной регистр, Fleetphoto;Кострома;"Судоверфь им. ""Комсомольской правды"" ВОРП МРФ РСФСР"; Кострома;;Волгоград  ;РКО (РРР до 2022); Эксплуатируется ;;;;;01.01.1989;;;45.4;45;12.4;12;1550;0;8;8;600;;2.8;1.62;;;;;;;5;;;;0;;;;;;;0;;0;;;;2;4;;;;;
226538;1222;;;ПП-17;Р172;Плавучий причал;Р1,2 I;Речной регистр, Fleetphoto;"судоверфь им.""Комсомольской Правды"", г.Кострома";"Судоверфь им. ""Комсомольской правды"" ВОРП МРФ РСФСР"; Кострома;;Кострома  ;РКО (РРР до 2022); Эксплуатируется ;;;;;01.01.1990;;;45.4;45;12.4;12;1573.5;0;159;150;565;;2.8;1.66;;;;;;;2;;;;0;;;;;;;0;;0;;;;2;4;;;;;
227495;6;;;ДМ-04;Р-70;Грузопассажирский дебаркадер;О2,0 I;Речной регистр, Fleetphoto;Тобольская РЭБ флота, г.Тобольск;Тобольская ремонтно-эксплуатационная база флота ОИРП МРФ РСФСР; Тобольск;;Омск  ;РКО (РРР до 2022); Эксплуатируется ;;;;;01.01.1992;;;47.8;45;12.4;12;2000;0;43;20;261;;2.7;2.16;;;;;;;5;;;;45;;;;;;;0;;0;;;;4;4;;;;;
227499;7;;;ДМ-10;Р-70;Грузопассажирский дебаркадер;О 2,0 I;Речной регистр, Fleetphoto;Тобольская РЭБ флота;Тобольская ремонтно-эксплуатационная база флота ОИРП МРФ РСФСР; Тобольск;;Омск  ;РКО (РРР до 2022); Эксплуатируется ;;;;;01.01.1992;;;47.8;45;12.4;12;1998;0;31;20;256;;2.7;2.16;;;;;;;4;;;;45;;;;;;;0;;0;;;;4;4;;;;;
227555;6/42;;;НГСП-509;81212Р;Несамоходный паром/секция наплавного моста;Р 1,2 IV;Речной регистр;Тюмень;;;;;;;;;;;01.01.1992;;;38.34;38;8.2;8.07;393.4;0;200;200;273;;1.3;0.2;;;;;;;0;;;;6;;;;;;;0;;0;;;;2;6;;;;;
227569;590;;;МП-205;183ВМ;Понтон. Стоечный причал для парома;Р 1,2 IV;Речной регистр, Fleetphoto;Тара;Улан-Удэнский ССРЗ; Улан-Удэ;;Омск  ;РКО (РРР до 2022); Эксплуатируется ;;;;;01.01.1991;;;35.2;35;7.5;7.5;319.8;0;50;50;186.52;;1.3;0.5;;;;;;;0;;;;0;;;;;;;0;;0;;;;0;3;;;;;
227570;591;;;МП-206;183ВМ;Понтон. Стоечный причал для парома;Р 1,2 IV;Речной регистр, Fleetphoto;Тара;Улан-Удэнский ССРЗ; Улан-Удэ;;Омск  ;РКО (РРР до 2022); стоечный причал для парома ;;;;;01.01.1991;;;35.2;35;7.5;7.5;319.8;0;50;50;186.52;;1.3;0.5;;;;;;;0;;;;0;;;;;;;0;;0;;;;0;3;;;;;
227593;1;;;Витим-7;СБПА-100;Плавучий причал, швартовка судов для посадки и высадки пассажиров;Р 1,2 IV;Речной регистр, Fleetphoto;Мариупольский МСРЗ,Мариуполь;Тюменский судостроительный завод им. 60-летия СССР; Тюмень;;Омск  ;РКО (РРР до 2022); Эксплуатируется ;;;;;01.01.1991;;;24.2;24;7.65;7.5;212.3;0;100;100;145.98;;1.3;0.4;;;;;;;0;;;;0;;;;;;;0;;0;;;;1;3;;;;;
227861;01301;;;ДуСКИ-2;052;Понтон. Пассажирский плавучий причал;Р 1,2 I;Речной регистр, Fleetphoto;Тюменский ССЗ,Тюмень;ОАО «Тюменский судостроительный завод»; Тюмень;;Омск  ;РКО (РРР до 2022); Эксплуатируется ;;;;;01.01.2003;;;40.5;36.6;8.12;8;361.5;0;5.2;5.2;59.2;;1.2;1.01;;;;;;;0;;;;0;;;;;;;0;;0;;;;0;5;;;;;
227866;2;;;ДуСКИ-1;81521А;Пассажирский плавучий причал;Р 1,2 I;Речной регистр, Fleetphoto;ОАО Тюменский ССРЗ;Экспериментальная судоверфь; Тюмень;;Омск  ;РКО (РРР до 2022); Эксплуатируется ;;;;;01.01.2003;;;38.17;36.95;9.92;9.7;396.2;0;214;214;271;;1.1;0.3;;;;;;;0;;;;0;;;;;;;0;;0;;;;4;6;;;;;
227950;2;;;ДМ-005;Р-70;Пассажирский дебаркадер;Р 1,2 I;Речной регистр, Fleetphoto;Тобольск;Тобольская ремонтно-эксплуатационная база флота ОИРП МРФ РСФСР; Тобольск;;Омск  ;РКО (РРР до 2022); Не эксплуатируется ;;;;;01.01.1987;;;24.1;22.5;12.4;12;1194;0;20;0;131;;2.7;2.15;;;;;;;0;;;;9;;;;;;;0;;0;;;;0;3;;;;;
227951;3;;;ДМ-006;Р-70;Пассажирский дебаркадер;Р 1,2 I;Речной регистр, Fleetphoto;Тобольск;Тобольская ремонтно-эксплуатационная база флота ОИОРП МРФ РСФСР; Тобольск;;Омск  ;РКО (РРР до 2022); Эксплуатируется ;;;;;01.01.1987;;;24.1;22.5;12.4;12;1194;0;20;0;131;;2.7;2.15;;;;;;;1;;;;9;;;;;;;0;;0;;;;0;3;;;;;
227955;01;;;ДП-1;053;Н/с дебаркадер, накопление и пересадка пассажиров;О 2,0 I;Речной регистр, Fleetphoto;Тюмень;Экспериментальная судоверфь; Тюмень;;Омск  ;РКО (РРР до 2022); Эксплуатируется ;;;;;01.01.2006;;;32.4;27.1;7.5;7.5;659;0;6.48;0;75.05;;2;1.58;;;;;;;0;;;;0;;;;;;;0;;0;;;;0;5;;;;;
227956;01;;;ППС-1;053;Несамоходный дебаркадер, накопление и пересадка пассажиров;О2,0;Fleetphoto, Речной регистр;Тюмень;ОАО «Тюменский судостроительный завод»; Тюмень;;Омск  ;РКО (РРР до 2022); Эксплуатируется ;;;;;16.06.2006;;;32.4;27.1;7.74;7.5;658.5;0;6;0;71.75;;2;1.58;;;;;;;0;;;;0;;;;;;;0;;0;;;;0;5;;;;;
227978;001;;;ППС-2;053;Пассажирский плавучий причал;О2,0;Fleetphoto, Речной регистр;Омск;ЗАО «Омский судоремонтный завод»; Омск;;Омск  ;РКО (РРР до 2022); Эксплуатируется ;;;;;30.05.2007;;;32.4;27.1;7.74;7.5;659.4;0;6;0;74.9;;2;1.58;;;;;;;0;;;;0;;;;;;;0;;0;;;;0;5;;;;;
227979;002;;;ППС-3;053;Пассажирский плавучий причал;О2,0;Fleetphoto, Речной регистр;Омск;ЗАО «Омский судоремонтный завод»; Омск;;Омск  ;РКО (РРР до 2022); Эксплуатируется ;;;;;01.06.2007;;;32.4;27.1;7.74;7.5;659.4;0;6;0;74.9;;2;1.58;;;;;;;0;;;;0;;;;;;;0;;0;;;;0;5;;;;;
227980;2;;;ДП-2;053;Несамоходный дебаркадер, накопление и пересадка пассажиров;О 2,0 I;Речной регистр, Fleetphoto;"ЗАО ""Экспериментальная судоверфь"",Тюмень";Экспериментальная судоверфь; Тюмень;;Омск  ;РКО (РРР до 2022); Эксплуатируется ;;;;;01.01.2007;;;32.4;27.1;7.5;7.5;658.54;0;6.48;0;75.05;;2;1.58;;;;;;;0;;;;0;;;;;;;0;;0;;;;0;5;;;;;
228032;1;;;2501;16803;Баржа-площадка стоечный причал для посадки-высадки;М3,0(ЛЕД30);Речной регистр, Fleetphoto;Улан-Удэ;Улан-Удэнский ССРЗ; Улан-Удэ;;Байкал  ;РКО (РРР до 2022); Эксплуатируется ;;;;;01.01.1991;;;84.9;83;17.5;16.5;4420.5;0;0;0;3185;;3.3;0.75;;;;;;;0;;;;0;;;;;;;0;;0;;;;0;17;;;;;
229472;;;;Пирс №1;б\п;Плавучий объект, установленный у берега, причал;Л0,6 IV;Речной регистр;;;;;;;;;;;;01.01.2019;;;40.18;0;32.88;0;111.8;0;0;0;0;;0.82;0.475;;;;;;;0;;;;0;;;;;;;0;;0;;;;0;0;;;;;
229473;;;;Пирс №2;б\п;Плавучий объект установленный у берега, причал;Л0,6 IV;Речной регистр;;;;;;;;;;;;01.01.2019;;;22;0;1.5;0;12.4;0;0;0;0;;0.7;0.364;;;;;;;0;;;;0;;;;;;;0;;0;;;;0;0;;;;;
229474;;;;Пирс №3;б\п;Плавучий объект установленный у берега, причал;Л0,6 IV;Речной регистр;;;;;;;;;;;;01.01.2019;;;22;0;1.5;0;12.4;0;0;0;0;;0.7;0.364;;;;;;;0;;;;0;;;;;;;0;;0;;;;0;0;;;;;
229847;483;;;Плавпричал 483;824, 824М;Плавучий объект, причальный понтон;Р1,2 IV;Fleetphoto, Речной регистр;Свирская судоверфь;Свирская судостроительная верфь; Никольский;;Санкт-Петербург  ;РКО (РРР до 2022); Эксплуатируется ;;;;;01.01.1993;;;109.4;108.8;9.8;9;2472.8;0;0;0;1419.9;;2.7;1.54;;;;;;;0;;;;0;;;;;;;0;;0;;;;0;9;;;;;
229848;479;;;Плавпричал 479;824, 824М;Плавучий объект, причальный понтон;Р1,2 IV;Fleetphoto, Речной регистр;Свирица;Свирская судостроительная верфь; Никольский;;Санкт-Петербург  ;РКО (РРР до 2022); Эксплуатируется ;;;;;01.01.1993;;;109.4;108.8;9.8;9;2472.8;0;0;0;1419.9;;2.7;1.54;;;;;;;0;;;;0;;;;;;;0;;0;;;;0;9;;;;;
229858;433;;;ПЖ-61/3;824;Понтон. Плавучий причал для швартовки судов;Р1,2 I;Речной регистр, Fleetphoto;Свирская судоверфь;Свирская судостроительная верфь; Никольский;;Санкт-Петербург  ;РКО (РРР до 2022); Эксплуатируется ;;;;;01.01.1988;;;36.3;36;9.4;9;824.95;0;0;0;463;;2.6;1.2;;;;;;;2;;;;0;;;;;;;0;;0;;;;0;11;;;;;
229884;91;;;НМ-1;25285;Плавучий объект, наплавной мост для переправы транспорта и пешеходов;Р1,2 IV;Речной регистр, Fleetphoto;"ОАО ""ЧССЗ"", Череповец";ОАО «Череповецкий судостроительно-судоремонтный завод»; Череповец;;Санкт-Петербург  ;РКО (РРР до 2022); Эксплуатируется ;;;;;01.01.2003;;;25.2;20.3;8.5;8.5;396.2;0;41.2;41.2;101.8;;2.3;1.716;;;;;;;0;;;;0;;;;;;;0;;0;;;;3;4;;;;;
229987;1;;;Наплавной мост-2;25285;Плавучий объект, наплавной мост для переправы транспорта и пешеходов;Р1,2 IV;Речной регистр, Fleetphoto;слип НЛРВПиС, Шлиссельбург;ООО «Невский ССРЗ»; Шлиссельбург;;Санкт-Петербург  ;РКО (РРР до 2022); Эксплуатируется ;;;;;01.01.2004;;;25.2;20.3;8.5;8.5;181.3;0;0;41.6;101.8;;2.3;1.716;;;;;;;0;;;;0;;;;;;;0;;0;;;;0;4;;;;;
230008;;;;ПНП-61М;824, 824М;Плавучий объект, железобетонный причальный понтон;Р1,2;Fleetphoto, Речной регистр;Свирская судоверфь;Свирская судостроительная верфь; Никольский;;Санкт-Петербург  ;РКО (РРР до 2022); Эксплуатируется ;;;;;01.01.1983;;;36.8;36;9.4;9;829.2;0;25;25;397.45;;2.6;1.4;;;;;;;0;;;;0;;;;;;;0;;0;;;;0;11;;;;;
230035;;;;ГП-5;б/п;Несамоходный грузовой понтон;Р1,2;Речной регистр, Fleetphoto;Выборг;Выборгский судостроительный завод; Выборг;;Санкт-Петербург  ;РКО (РРР до 2022); Эксплуатируется ;;;;;01.01.1982;;;24.2;24;18.2;18;1018.8;0;400;400;197.34;;3;1.206;;;;;;;0;;;;0;;;;;;;0;;0;;;;3;3;;;;;
230276;13;;;Интурист-1;81100;Плавучий причал;О2,0 I;Речной регистр, Fleetphoto;Сокольская судоверфь, п.Сокольское;Сокольская судоверфь; Сокольское;;Нижний Новгород  ;РКО (РРР до 2022); Эксплуатируется ;;;;;01.01.1987;;;71;69.6;14.4;14;1975.3;0;1279.21;0;1668;;2;0.4;;;;;;;4;;;;0;;;;;;;0;;0;;;;5;11;;;;;
230290;36;;;К-3052;81218БП;Плавучий причал, установленный у берега;Р1,2 IV;Речной регистр, Fleetphoto;РЭБ пам. Кирова, Аркуль;"ГП «Судостроительно-судоремонтный завод ""Память Кирова"" ВРП МРФ РСФСР»"; Аркуль;;Пермь  ;РКО (РРР до 2022); Эксплуатируется ;;;;;01.01.1993;;;71.4;70;13.66;13.26;1613.1;0;0;0;1180;;1.79;1.5;;;;;;;0;;;;0;;;;;;;0;;0;;;;2;6;;;;;
230292;37;;;К-3053;81218БП;Плавучий причал, установленный у берега;Р1,2 IV;Речной регистр, Fleetphoto;г. Киров;"ГП «Судостроительно-судоремонтный завод ""Память Кирова"" ВРП МРФ РСФСР»"; Аркуль;;Пермь  ;РКО (РРР до 2022); Эксплуатируется ;;;;;01.01.1993;;;71.4;70;13.66;13.26;1689.4;0;0;0;230.5;;1.79;1.5;;;;;;;0;;;;0;;;;;;;0;;0;;;;4;6;;;;;
230573;1230;;;ДЕБАРКАДЕР №1230;Р-172;Плавучий объект, причал для пассажирских судов;Р1,2 I;Речной регистр, Fleetphoto;Кострома;ОАО «Костромская судоверфь»; Кострома;;Москва  ;РКО (РРР до 2022); Эксплуатируется ;;;;;01.01.1993;;;45.4;45;12.4;12;1550;0;0;8;556;;2.8;1.99;;;;;;;0;;;;0;;;;;;;0;;0;;;;2;4;;;;;
230707;;;;Самарка-1;471;Баржа-понтон, стоечное;Р1,2;Речной регистр;Череповецкий ССЗ, Череповец;;;;;;;;;;;01.01.1958;;;40.65;38.5;7.39;7;319.8;0;0;200;0;;1.4;0.29;;;;;;;0;;;;0;;;;;;;0;;0;;;;1;6;;;;;
230892;1;;;"Мост ""Дружба""";625;Понтонный наплавной мост, автомобильное и пешеходное сообщение;Л0,6 III;Речной регистр, Fleetphoto;"ГУП ""Окская судоверфь"", Навашино";ЗАО «Окская судоверфь»; Навашино;;Нижний Новгород  ;РКО (РРР до 2022); Эксплуатируется ;;;;;01.01.1999;;;155.85;155.85;10;10;1429.2;0;20;0;350;;1.1;0.86;;;;;;;0;;;;0;;;;;;;0;;0;;;;0;0;;;;;
231119;020;;;ЗИМНЯЯ КАНАВКА;;Плавпричал;K(*) [1] berth connected ship (S), floating terminal;Морской регистр;;;;Россия;Большой порт Санкт-Петербург;;;;28/12/2023;;;28/08/2024;36.3;35.21;36.35;;12.15;;66;53;44;;141;0.82;1.58;;;Несамоходное;;;;;;;;;;;;;;;;;;;;;1;;;4;;;;
232543;;;;НМ-Троица;ПМП;Разводной наплавной мост;Л0,6 III;Речной регистр, Fleetphoto;Предприятие В-2566;Судостроительный завод «Ока» МСП СССР (ССЗ №342, предприятие п/я В-2566, предприятие п/я №31); Навашино;;Москва  ;РКО (РРР до 2022); Эксплуатируется ;;;;;01.01.1983;;;166.5;162;8.03;8.03;1850.8;0;0;20;0;;0.75;0.11;;;;;;;0;;;;0;;;;;;;0;;0;;;;0;1;;;;;
232604;467;;;Тайга;183ВМ;Плавучий объект, понтон;Р1,2 IV;Речной регистр;Тавда;;;;;;;;;;;01.01.1983;;;42.22;34.55;7.54;7.5;320;0;60;60;174.35;;1.3;0.44;;;;;;;0;;;;0;;;;;;;0;;0;;;;0;2;;;;;
232747;8/2;;;ДМ-055;Р-70;Пассажирский дебаркадер;Р 1,2 I;Речной регистр;Тобольский СРЗ,Тобольск;;;;;;;;;;;01.01.1976;;;24.1;22.5;12.4;12;1194.3;0;9.76;0;130.72;;2.7;2.15;;;;;;;1;;;;9;;;;;;;0;;0;;;;0;3;;;;;
232748;19;;;ДМ-05;ТСК.205;Пассажирский дебаркадер для отдыха экипажей и транзитных пассажиров;Р 1,2 I;Речной регистр, Fleetphoto;ЗАО ТСК,Тюмень;ЗАО «Тюменьсудокомплект»; Тюмень;;Омск  ;РКО (РРР до 2022); Эксплуатируется ;;;;;01.01.2008;;;36.2;31.4;9.8;9;1454.62;0;13.54;0;119.54;;1.4;0.95;;;;;;;5;;;;40;;;;;;;0;;0;;;;0;4;;;;;
232754;8/1;;;ДМ-054;Р-70;Пассажирский дебаркадер;Р 1,2 I;Речной регистр;Тобольский СРЗ,Тобольск;;;;;;;;;;;01.01.1976;;;24.1;22.5;12.4;12;1194.3;0;9.76;0;130.72;;2.7;2.15;;;;;;;1;;;;9;;;;;;;0;;0;;;;0;3;;;;;
232818;1;;;ПП-01;ТП 29.10/ПР;Плавучий объект (причал) для безопасного подхода и стоянки пассажирских судов, посадки пассажиров на;Р 1,2;Fleetphoto, Речной регистр;Омский ССРЗ;ЗАО «Омский судоремонтный завод»; Омск;;Омск  ;РКО (РРР до 2022); Эксплуатируется ;;;;;11.08.2011;;;65.14;57.36;10.24;10;1200.8;0;13;0;151.6;;2.1;1.83;;;;;;;0;;;;0;;;;;;;0;;0;;;;1;4;;;;;
232820;2;;;ПП-02;ТП 29.10/ПР;Плавучий объект (причал) для безопасного подхода и стоянки пассажирских судов, посадки пассажиров на;Р 1,2 I;Речной регистр, Fleetphoto;Омск;ЗАО «Омский судоремонтный завод»; Омск;;Омск  ;РКО (РРР до 2022); Эксплуатируется ;;;;;01.01.2011;;;65.14;57.36;10.24;10;1200.8;0;13;0;151.6;;2.1;1.83;;;;;;;0;;;;0;;;;;;;0;;0;;;;1;4;;;;;
232845;1;;;Стр. №1;055.01, 055.02;Пассажирский плавучий причал;Р1,2;Fleetphoto, Речной регистр;Тюмень;Экспериментальная судоверфь; Тюмень;;Омск  ;РКО (РРР до 2022); Эксплуатируется ;;;;;25.12.2012;;;50;39.7;12;11.2;182.3;0;10.12;0;109.63;;1;0.4;;;;;;;0;;;;0;;;;;;;0;;0;;;;2;2;;;;;
232882;1;;;Стр №1 проект № 055.02;055.02;Пассажирский плавучий причал;О 2,0 I;Речной регистр, Fleetphoto;Тюмень;Экспериментальная судоверфь; Тюмень;;Омск  ;РКО (РРР до 2022); Эксплуатируется ;;;;;01.01.2013;;;50;39.7;12;11.2;206.6;0;9;0;109.63;;1;0.4;;;;;;;0;;;;40;;;;;;;0;;0;;;;2;2;;;;;
232905;С-334;;;ОМ 00-60;191В;Понтон.Несамоходный причальный понтон;Л0,6;Fleetphoto, Речной регистр;Омск;ГП «Омский судостроительно-судоремонтный завод им. 60-летия Октября ИРП МРФ РСФСР»; Омск;;Омск  ;РКО (РРР до 2022); Эксплуатируется ;;;;;01.01.1989;;;26.68;25.8;5.1;5;322.6;0;15;0;35.56;;1.8;1.52;;;;;;;0;;;;0;;;;;;;0;;0;;;;0;3;;;;;
232910;С-213;;;ОМ 00-57;191В;Понтон. Несамоходный причальный понтон;Л0,6;Fleetphoto, Речной регистр;Омск;ГП «Омский судостроительно-судоремонтный завод им. 60-летия Октября ИРП МРФ РСФСР»; Омск;;Омск  ;РКО (РРР до 2022); Эксплуатируется ;;;;;01.01.1981;;;26.68;25.8;5.1;5;322.6;0;15;0;35.56;;1.8;1.52;;;;;;;0;;;;0;;;;;;;0;;0;;;;0;3;;;;;
232911;С-223;;;ОМ 00-58;191В;Понтон. Несамоходный причальный понтон;Л0,6;Fleetphoto, Речной регистр;Омск;ГП «Омский судостроительно-судоремонтный завод им. 60-летия Октября ИРП МРФ РСФСР»; Омск;;Омск  ;РКО (РРР до 2022); Эксплуатируется ;;;;;01.01.1982;;;26.68;25.8;5.1;5;322.6;0;15;0;35.56;;1.8;1.52;;;;;;;0;;;;0;;;;;;;0;;0;;;;0;3;;;;;
232913;;;;ОМ 00-49;191В;Понтон.Несамоходный причальный понтон;Л0,6 IV;Fleetphoto, Речной регистр;Омск;ГП «Омский судостроительно-судоремонтный завод ИРП МРФ РСФСР»; Омск;;Омск  ;РКО (РРР до 2022); Судьба не установлена ;;;;;01.01.1972;;;26.68;25.8;5.1;5;322.6;0;15;0;35.56;;1.8;1.52;;;;;;;0;;;;0;;;;;;;0;;0;;;;0;3;;;;;
232918;;;;ОМ 16-39;б/п;Понтон. Плавучий причал для обслуживания парома;Р 1,2 IV;Речной регистр, Fleetphoto;с.Знаменское;(Rus); (Россия);;Омск  ;РКО (РРР до 2022); Эксплуатируется ;;;;;01.01.2003;;;35.3;35;7.8;7.5;291.5;0;2;2;45;;1.3;1.1;;;;;;;0;;;;0;;;;;;;0;;0;;;;0;3;;;;;
232919;;;;ОМ 16-40;б/п;Понтон. Плавучий причал для обслуживания парома;Р 1,2 IV;Речной регистр, Fleetphoto;с.Знаменское;(Rus); (Россия);;Омск  ;РКО (РРР до 2022); Эксплуатируется ;;;;;01.01.2003;;;35.3;35;7.8;7.5;291.5;0;2;2;45;;1.3;1.1;;;;;;;0;;;;0;;;;;;;0;;0;;;;0;3;;;;;
232923;;;;Причал-1;183Б, 183БМ;Понтон. Плавучий причал для обслуживания паромов;Р1,2;Fleetphoto, Речной регистр;Омск;ОАО «Омский судостроительно-судоремонтный завод»; Омск;;Омск  ;РКО (РРР до 2022); Эксплуатируется ;;;;;01.01.1995;;;23.9;21;14.7;7.5;124.5;0;50;50;92;;0.9;0.35;;;;;;;0;;;;0;;;;;;;0;;0;;;;0;4;;;;;
232924;;;;Причал-2;183Б, 183БМ;Понтон. Плавучий причал для обслуживания паромов;Р1,2;Fleetphoto, Речной регистр;Омск;ОАО «Омский судостроительно-судоремонтный завод»; Омск;;Омск  ;РКО (РРР до 2022); Эксплуатируется ;;;;;01.01.1995;;;23.9;21;14.7;7.5;124.5;0;50;50;92;;0.9;0.35;;;;;;;0;;;;0;;;;;;;0;;0;;;;0;4;;;;;
232962;б/н;;;ПС-3;ПС-01-03;Понтон. Плавучий причал для обслуживания паромов;Р 1,2 IV;Речной регистр, Fleetphoto;Омск;ОАО «Омский судостроительно-судоремонтный завод»; Омск;;Омск  ;РКО (РРР до 2022); Эксплуатируется ;;;;;01.01.1996;;;23;23;7.7;7.5;184;0;50;50;89.5;;0.9;0.32;;;;;;;0;;;;0;;;;;;;0;;0;;;;0;4;;;;;
232963;б/н;;;ПС-4;ПС-01-03;Понтон. Плавучий причал для обслуживания паромов;Р 1,2 IV;Речной регистр, Fleetphoto;Омск;ОАО «Омский судостроительно-судоремонтный завод»; Омск;;Омск  ;РКО (РРР до 2022); Эксплуатируется ;;;;;01.01.1996;;;23;23;7.7;7.5;184;0;50;50;89.5;;0.9;0.32;;;;;;;0;;;;0;;;;;;;0;;0;;;;0;4;;;;;
232981;1;;;Гавань;352.01;Плавучий причал, ресторан;Л 0,6 I;Речной регистр, Fleetphoto;"ООО ""ТСЗ"",Тюмень";Тюменский судостроительный завод им. 60-летия СССР; Тюмень;;Омск  ;РКО (РРР до 2022); Эксплуатируется ;;;;;01.01.1988;;;31.4;31.2;12.2;12;755.9;0;36.5;36.5;254.5;;2.38;1.7;;;;;;;0;;;;100;;;;;;;0;;0;;;;1;3;;;;;
232988;;;;СРФ-25;б/п;Несамоходный причальный понтон;Р1,2 IV;Речной регистр;Омский ССРЗ Омск;;;;;;;;;;;01.01.2002;;;25.8;25.8;5;5;232.1;0;0;0;0;;1.8;0;;;;;;;0;;;;0;;;;;;;0;;0;;;;0;0;;;;;
232990;1;;;ПП-12-01;052.01;Плавучий причал;Р 1,2 I;Речной регистр, Fleetphoto;г.Тюмень;Экспериментальная судоверфь; Тюмень;;Омск  ;РКО (РРР до 2022); Эксплуатируется ;;;;;01.01.2012;;;25;20.2;5;5;223.6;0;3.75;0;24;;2;1.7;;;;;;;0;;;;50;;;;;;;0;;0;;;;0;3;;;;;
232991;2;;;ПП-12-02;052.01;Плавучий причал;Р 1,2 I;Речной регистр, Fleetphoto;г.Тюмень;Экспериментальная судоверфь; Тюмень;;Омск  ;РКО (РРР до 2022); Эксплуатируется ;;;;;01.01.2012;;;25;20.2;5;5;223.6;0;3.75;0;24;;2;1.7;;;;;;;0;;;;0;;;;;;;0;;0;;;;0;3;;;;;
232992;3;;;ПП-12-03;052.01;Причальный понтон для перехода пассажиров с берега на транзитные суда;Р 1,2 I;Речной регистр, Fleetphoto;г.Тюмень;Экспериментальная судоверфь; Тюмень;;Омск  ;РКО (РРР до 2022); Эксплуатируется ;;;;;01.01.2012;;;25;23.6;5;5;223.3;0;3.75;0;24;;2;1.7;;;;;;;0;;;;0;;;;;;;0;;0;;;;0;3;;;;;
232993;4;;;ПП-12-04;052.01;Причальный понтон для перехода пассажиров с берега на транзитные суда;Р 1,2 I;Речной регистр, Fleetphoto;г.Тюмень;Экспериментальная судоверфь; Тюмень;;Омск  ;РКО (РРР до 2022); Эксплуатируется ;;;;;01.01.2012;;;25;23.6;5;5;223.3;0;3.75;0;24;;2;1.7;;;;;;;0;;;;0;;;;;;;0;;0;;;;0;3;;;;;
232994;5;;;ПП-12-05;052.01;Несамоходный причальный понтон для перехода пассажиров с берега на транзитные суда;Р 1,2 I;Речной регистр, Fleetphoto;г.Тюмень;Экспериментальная судоверфь; Тюмень;;Омск  ;РКО (РРР до 2022); Эксплуатируется ;;;;;01.01.2012;;;25;23.6;5;5;223.3;0;3.75;0;24;;2;1.7;;;;;;;0;;;;0;;;;;;;0;;0;;;;0;3;;;;;
232995;6;;;ПП-12-06;052.01;Причальный понтон для перехода пассажиров с берега на транзитные суда;Р 1,2 I;Речной регистр, Fleetphoto;г.Тюмень;Экспериментальная судоверфь; Тюмень;;Омск  ;РКО (РРР до 2022); Эксплуатируется ;;;;;01.01.2012;;;25;23.6;5;5;223.3;0;3.75;0;24;;2;1.7;;;;;;;0;;;;0;;;;;;;0;;0;;;;0;3;;;;;
232996;7;;;ПП-12-07;052.01;Несамоходный причальный понтон для перехода пассажиров с берега на транзитные суда;Р 1,2 I;Речной регистр, Fleetphoto;г.Тюмень;Экспериментальная судоверфь; Тюмень;;Омск  ;РКО (РРР до 2022); Эксплуатируется ;;;;;01.01.2012;;;25;23.6;5;5;223.3;0;3.75;0;24;;2;1.7;;;;;;;0;;;;0;;;;;;;0;;0;;;;0;3;;;;;
232997;8;;;ПП-12-08;052.01;Плавучий причал;Р 1,2 I;Речной регистр, Fleetphoto;г.Тюмень;Экспериментальная судоверфь; Тюмень;;Омск  ;РКО (РРР до 2022); Эксплуатируется ;;;;;01.01.2012;;;25;20.2;5;5;223.6;0;3.75;0;24;;2;1.7;;;;;;;0;;;;0;;;;;;;0;;0;;;;0;3;;;;;
232998;9;;;ПП-12-09;052.01;Плавучий причал;Р 1,2 I;Речной регистр, Fleetphoto;г.Тюмень;Экспериментальная судоверфь; Тюмень;;Омск  ;РКО (РРР до 2022); Эксплуатируется ;;;;;01.01.2012;;;25;20.2;5;5;223.6;0;3.75;0;24;;2;1.7;;;;;;;0;;;;50;;;;;;;0;;0;;;;0;3;;;;;
232999;7;;;ПП-12-10;052.01;Несамоходный причальный понтон для перехода пассажиров с берега на транзитные суда;Р 1,2 I;Речной регистр, Fleetphoto;г.Тюмень;Экспериментальная судоверфь; Тюмень;;Омск  ;РКО (РРР до 2022); Эксплуатируется ;;;;;01.01.2012;;;25;23.6;5;5;223.3;0;3.75;0;24;;2;1.7;;;;;;;0;;;;0;;;;;;;0;;0;;;;0;3;;;;;
233000;5;;;Остров-1;РЕГК.111025/Остров100;Плавучий объект (причал);Р 1,2 IV;Речной регистр, Fleetphoto;Выборг;Выборгский судостроительный завод; Выборг;;Омск  ;РКО (РРР до 2022); Эксплуатируется ;;;;;01.01.2013;;;19.5;18;5;4.8;2.8;0;6.5;6.5;16.5;;0.95;0.5;;;;;;;0;;;;12;;;;;;;0;;0;;;;0;0;;;;;
234134;495;;;Спецплавпричал ПЖ-61;842;Плавучий объект, 3-х секционный причальный понтон;Р1,2 IV;Речной регистр, Fleetphoto;Азов;ЗАО «Азовская судоверфь»; Азов;;Москва  ;РКО (РРР до 2022); Эксплуатируется ;;;;;01.01.1995;;;108.8;108;9.4;9;2488.4;0;249;249;1611;;2.6;1.2;;;;;;;0;;;;0;;;;;;;0;;0;;;;0;25;;;;;
234143;17-21,25,26;;;НП-120;1849;Несамоходный понтонный паром;Л 0,6;Речной регистр, Fleetphoto;п/я В-2566;Судостроительный завод «Ока» МСП СССР (ССЗ №342, предприятие п/я В-2566, предприятие п/я №31); Навашино;;Москва  ;РКО (РРР до 2022); Эксплуатируется ;;;;;01.01.1980;;;48.62;44.5;8.03;7.2;233.5;0;120;120;168.45;;0.75;0.2;;;;;;;0;;;;0;;;;;;;0;;0;;;;0;10;;;;;
234409;;;;Дебаркадер-458;39;Ж/б причальный дебаркадер;Р1,2 I;Речной регистр;Сокольская судоверфь;;;;;;;;;;;01.01.1958;;;20.4;20;7.4;7;478.3;0;1.7;0;112;;2;1.2;;;;;;;3;;;;0;;;;;;;0;;0;;;;0;7;;;;;
234915;485;;;Плавпричал № 485;824;Плавучий объект, причальный железобетонный понтон;Р1,2 IV;Речной регистр, Fleetphoto;Свирская судоверфь;ОАО «Свирская судостроительная верфь»; Никольский;;Санкт-Петербург  ;РКО (РРР до 2022); Эксплуатируется ;;;;;01.01.1995;;;108;108;9.4;9;2472.8;0;0;0;1389;;2.6;1.54;;;;;;;0;;;;0;;;;;;;0;;0;;;;0;11;;;;;
234916;454;;;Плавпричал № 454;824;Плавучий объект, причальный железобетоный понтон;Р1,2 IV;Речной регистр, Fleetphoto;Свирская судоверфь;Свирская судостроительная верфь; Никольский;;Санкт-Петербург  ;РКО (РРР до 2022); Эксплуатируется ;;;;;01.01.1988;;;108.9;108;9.4;9;2472.8;0;0;0;1389;;2.6;1.54;;;;;;;0;;;;0;;;;;;;0;;0;;;;0;11;;;;;
234917;82;;;Плавпричал № 82;824;Плавучий объект, причальный железобетоный понтон;Р1,2 IV;Речной регистр, Fleetphoto;Свирская судоверфь;Свирская судостроительная верфь; Никольский;;Санкт-Петербург  ;РКО (РРР до 2022); Эксплуатируется ;;;;;01.01.1986;;;36.3;36;9.4;9;824.3;0;0;0;463;;2.6;1.54;;;;;;;0;;;;0;;;;;;;0;;0;;;;0;11;;;;;
234979;;;;Сервис-Фуд;б/п;Дебаркадер. Плавучий объект, причальный понтон;Р1,2 I;Речной регистр, Fleetphoto;Санкт-Петербург;ОАО «Ремонтно-эксплуатационная база флота (РЭБ флота)»; Санкт-Петербург;;Санкт-Петербург  ;РКО (РРР до 2022); Эксплуатируется ;;;;;01.01.2004;;;33;30;8;8;277.3;0;0;0;0;;1;0.85;;;;;;;0;;;;0;;;;;;;0;;0;;;;0;4;;;;;
234980;01;;;Р 01;Р 01;Плавучий объект, причальный понтон/кафе;Р1,2 I;Речной регистр, Fleetphoto;Санкт-Петербург;Ремонтно-эксплуатационная база флота; Санкт-Петербург;;Санкт-Петербург  ;РКО (РРР до 2022); Эксплуатируется ;;;;;01.01.2007;;;37.4;37.2;8.6;8;591.47;0;45;45;213.5;;2;1.286;;;;;;;0;;;;0;;;;;;;0;;0;;;;0;4;;;;;
235082;2;;;Наплавной мост-4;25285;Плавучий объект, наплавной мост для переправы транспорта и пешеходов;Р1,2 IV;Речной регистр, Fleetphoto;НЛРВПиС, Шлиссельбург;ООО «Невский ССРЗ»; Шлиссельбург;;Санкт-Петербург  ;РКО (РРР до 2022); Эксплуатируется ;;;;;01.01.2008;;;25.2;20.3;8.5;8.5;181.1;0;0;41;101.8;;2.3;1.716;;;;;;;0;;;;0;;;;;;;0;;0;;;;3;4;;;;;
235087;;;;НМ-3;27480;Плавучий объект, наплавной мост для переправы транспорта и пешеходов;Р1,2 IV;Речной регистр, Fleetphoto;Шлиссельбург;ООО «Невский ССРЗ»; Шлиссельбург;;Санкт-Петербург  ;РКО (РРР до 2022); Эксплуатируется ;;;;;01.01.2007;;;27;23.1;8.5;8.5;345.26;0;40;40;62.67;;1.75;1.21;;;;;;;0;;;;0;;;;;;;0;;0;;;;3;4;;;;;
235116;;;;Плавмост;ПИФР.00000.1480;Плавучий объект, наплавной мост для переправы транспорта и пешеходов;Р1,2 III;Речной регистр, Fleetphoto;Вознесенье;Вознесенская ремонтно-эксплуатационная база флота; Вознесенье;;Санкт-Петербург  ;РКО (РРР до 2022); Эксплуатируется ;;;;;01.01.1995;;;74;74;8.21;8;1307.46;0;0;75;0;;2.3;1.6;;;;;;;0;;;;0;;;;;;;0;;0;;;;0;10;;;;;
235139;1;;;ГПН-5;22410;Плавучий объект, причальный комплекс, понтон с вертолетной площадкой;Р1,2 IV;Речной регистр, Fleetphoto;Шлиссельбург;ООО «Невский ССРЗ»; Шлиссельбург;;Санкт-Петербург  ;РКО (РРР до 2022); Эксплуатируется ;;;;;01.01.2008;;;24.6;24.4;15.4;15.2;1058.4;0;0;0;200;;1.5;0.9;;;;;;;0;;;;0;;;;;;;0;;0;;;;0;1;;;;;
235427;;;;Перегружатель-1;Е-067;Понтон. Несамоходный понтон для технологических операций;М-СП3,5;Речной регистр;Австрия;;;;;;;;;;;01.01.1980;;;40.77;40;21;20.68;2430.97;257;315.55;194;1320;;4;2.39;;;;;;;10;;;;0;;;;;;;0;;0;;;;2;4;;;;;
235480;5;;;Плавучий причал яхтенной гавани;YM-2013-ГР;Плавучий причал для швартовки и стоянки яхт;Л0,6 IV;Fleetphoto, Речной регистр;Сочи;"Филиал ""1-я судостроительная верфь"" ОАО ""Центр судоремонта ""Звездочка"""; Сочи;;Сочи  ;РКО (РРР до 2022); Эксплуатируется ;;;;;06.03.2014;;;149.4;143;72.9;72.6;1717.8;0;0;0;706.3;;0.85;0.47;;;;;;;0;;;;0;;;;;;;0;;0;;;;0;0;;;;;
235481;1;;;"Плавучий причал яхтенной гавани ""В""";YM-2013-ГР;Плавучий причал для швартовки и стоянки яхт;О1,5 IV;Речной регистр, Fleetphoto;Сочи;"Филиал ""1-я судостроительная верфь"" ОАО ""Центр судоремонта ""Звездочка"""; Сочи;;Сочи  ;РКО (РРР до 2022); Эксплуатируется ;;;;;01.01.2013;;;103.4;103;33.6;29.4;665.1;0;0;0;319.6;;1;0.5;;;;;;;0;;;;0;;;;;;;0;;0;;;;0;5;;;;;
235482;2;;;"Плавучий причал яхтенной гавани ""С""";YM-2013-ГР;Плавучий причал для швартовки и стоянки яхт;О1,5 IV;Речной регистр, Fleetphoto;Сочи;"Филиал ""1-я судостроительная верфь"" ОАО ""Центр судоремонта ""Звездочка"""; Сочи;;Сочи  ;РКО (РРР до 2022); Эксплуатируется ;;;;;01.01.2013;;;103.4;103;27.6;23.4;489.6;0;0;0;221;;1;0.5;;;;;;;0;;;;0;;;;;;;0;;0;;;;0;5;;;;;
235483;3;;;"Плавучий причал яхтенной гавани ""D""";YM-2013-ГP;Плавучий причал для швартовки и стоянки яхт;О1,5 IV;Речной регистр, Fleetphoto;Сочи;"Филиал ""1-я судостроительная верфь"" ОАО ""Центр судоремонта ""Звездочка"""; Сочи;;Сочи  ;РКО (РРР до 2022); Эксплуатируется ;;;;;01.01.2013;;;103.4;103;34.4;26.4;667.9;0;0;0;319;;1;0.5;;;;;;;0;;;;0;;;;;;;0;;0;;;;0;5;;;;;
235484;4;;;"Плавучий причал яхтенной гавани ""Е""";YM-2013-ГP;Плавучий причал для швартовки и стоянки яхт;О1,5 IV;Речной регистр, Fleetphoto;;"Филиал ""1-я судостроительная верфь"" ОАО ""Центр судоремонта ""Звездочка"""; Сочи;;Сочи  ;РКО (РРР до 2022); Эксплуатируется ;;;;;01.01.2013;;;103.4;103;34.4;26.4;557.5;0;0;0;258;;1;0.5;;;;;;;0;;;;0;;;;;;;0;;0;;;;0;5;;;;;
235553;6;;;Понтон Т3;YM-2013-ГР;Плавучий понтон для швартовки судов;Л0,6 IV;Fleetphoto, Речной регистр;г.Сочи;"Филиал ""1-я судостроительная верфь"" ОАО ""Центр судоремонта ""Звездочка"""; Сочи;;Сочи  ;РКО (РРР до 2022); Эксплуатируется ;;;;;04.06.2014;;;30;29.92;2.6;2.4;70.8;0;0;0;32;;1;0.47;;;;;;;0;;;;0;;;;;;;0;;0;;;;0;0;;;;;
235626;;;;П-11;Р-99;Плавучий объект, причальный понтон грузо-пассажирской переправы;Р1,2 I;Речной регистр, Fleetphoto;Бор;Завод «Нижегородский теплоход»; Бор;;Москва  ;РКО (РРР до 2022); Эксплуатируется ;;;;;01.01.1972;;;28.9;28.5;11.8;11.6;871.6;0;411.7;50;537;;2.6;0.9;;;;;;;0;;;;0;;;;;;;0;;0;;;;2;7;;;;;
235655;;;;Наплавной автодорожный мост;8805;Плавучий объект, понтонный наплавной мост;Л0,6 III;Речной регистр, Fleetphoto;"ООО ""Октябрьский судостроительно-судоремонтный завод""";ОАО «Октябрьский ССРЗ»; Октябрьский;;Москва  ;РКО (РРР до 2022); Эксплуатируется ;;;;;01.01.2002;;;84.2;84.2;10.5;10.5;733;0;30;30;0;;1.4;0.5;;;;;;;0;;;;0;;;;;;;0;;0;;;;0;0;;;;;
235923;3;;;Наплавной мост-5;25285;Плавучий объект, наплавной мост для переправы транспорта и пешеходов;Р1,2 IV;Речной регистр, Fleetphoto;слип НЛРВПиС, Шлиссельбург;ООО «Невский ССРЗ»; Шлиссельбург;;Санкт-Петербург  ;РКО (РРР до 2022); Эксплуатируется ;;;;;01.01.2009;;;20.3;20.3;8.5;8.5;181.1;0;0;41;101.8;;2.3;1.716;;;;;;;0;;;;0;;;;;;;0;;0;;;;3;4;;;;;
235924;;;;П-14;1270;Несамоходное грузовое судно, понтон-площадка;М-ПР2,5 (лед 30);Речной регистр, Fleetphoto;Санкт-Петербург;ФГУП «Средне-Невский судостроительный завод»; Санкт-Петербург;;Санкт-Петербург  ;РКО (РРР до 2022); Эксплуатируется ;;;;;01.01.2007;;;23.84;22.56;14.34;14;921.9;56;450;450;576.3;;3.5;1.472;;;;;;;0;;;;0;;;;;;;0;;0;;;;1;3;;;;;
235984;01;;;ВП-101;2871;Плавучий объект, понтон для гидротехнических работ и хранения оборудования;Р1,2 IV;Речной регистр, Fleetphoto;Санкт-Петербург;ОАО «Ремонтно-эксплуатационная база флота (РЭБ флота)»; Санкт-Петербург;;Санкт-Петербург  ;РКО (РРР до 2022); Эксплуатируется ;;;;;01.01.2010;;;18.16;18;6.16;6;166.97;0;0;0;24.3;;1.3;0.5;;;;;;;0;;;;0;;;;;;;0;;0;;;;1;4;;;;;
236013;6;;;Наплавной мост-6;25285;Плавучий объект, наплавной мост для переправы транспорта и пешеходов;Р1,2 IV;Речной регистр, Fleetphoto;НЛРВПиС, Шлиссельбург;ООО «Невский ССРЗ»; Шлиссельбург;;Санкт-Петербург  ;РКО (РРР до 2022); Эксплуатируется ;;;;;01.01.2010;;;25.2;20.3;8.5;8.5;181.26;0;0;41;101.8;;2.3;1.716;;;;;;;0;;;;0;;;;;;;0;;0;;;;0;4;;;;;
236045;1;;;ПРП-15-1;НТК15;Плавучий объект, причальный понтон;Р1,2 I;Речной регистр, Fleetphoto;"ООО ""РУСКОР"", Новая Ладога";ООО «Рускор»; Новая Ладога;;Санкт-Петербург  ;РКО (РРР до 2022); Эксплуатируется ;;;;;01.01.2015;;;15.1;14.6;5.61;5.5;100;0;3.75;0;18.8;;1.2;0.97;;;;;;;0;;;;0;;;;;;;0;;0;;;;0;3;;;;;
236046;2;;;ПРП-15-2;НТК15;Плавучий объект, плавучий причал;Р 1,2 I;Речной регистр, Fleetphoto;"ООО ""РУСКОР"", Новая Ладога";ООО «Рускор»; Новая Ладога;;Санкт-Петербург  ;РКО (РРР до 2022); Эксплуатируется ;;;;;01.01.2015;;;15.1;14.6;5.61;5.5;100;0;3.75;0;18.8;;1.2;0.97;;;;;;;0;;;;0;;;;;;;0;;0;;;;0;3;;;;;
236072;;;;Желтый;б/п;Понтон. Плавучий объект, причальный понтон для посадки и высадки пассажиров;Л0,6 I;Речной регистр, Fleetphoto;Санкт-Петербург;(Rus); (Россия);;Санкт-Петербург  ;РКО (РРР до 2022); Эксплуатируется ;;;;;01.01.1999;;;15.7;14.4;4.35;4.13;65.1;0;0;0;14.7;;1.1;0.83;;;;;;;1;;;;0;;;;;;;0;;0;;;;0;2;;;;;
236118;7;;;Наплавной мост-7;25285;Плавучий объект, наплавной мост для переправы транспорта и пешеходов;Р1,2 IV;Речной регистр, Fleetphoto;Вознесенье;ОАО «Вознесенская ремонтно-эксплуатационная база флота»; Вознесенье;;Санкт-Петербург  ;РКО (РРР до 2022); Эксплуатируется ;;;;;01.01.2011;;;25.2;20.3;8.5;8.5;693.4;0;0;41;101.8;;2.3;1.716;;;;;;;0;;;;0;;;;;;;0;;0;;;;3;4;;;;;
236309;1;;;ДБ-16;ДБ-16/0062;Причальный понтон;Р1,2 I;Речной регистр, Fleetphoto;ССРЗ им.Бутякова С.Н.;ОАО «ССРЗ им. Бутякова С.Н.»; Звенигово;;Нижний Новгород  ;РКО (РРР до 2022); Эксплуатируется ;;;;;01.01.2009;;;22.3;22;8.3;8;758.9;0;2.63;0;56.27;;2;1.577;;;;;;;1;;;;0;;;;;;;0;;0;;;;0;2;;;;;
236419;1;;;20815П - №1;20815П;Плавучий причал, стоечное;Р1,2(лед10);Fleetphoto, Речной регистр;Архангельск;СРЗ «Красная кузница» (ООО «Нью Оптимист»); Архангельск;;Архангельск  ;РКО (РРР до 2022); Эксплуатируется ;;;;;23.11.2012;;;20.4;20;8.4;8;235.2;0;43.25;0;70.38;;1.5;1;;;;;;;0;;;;0;;;;;;;0;;0;;;;1;3;;;;;
236420;12;;;ПП-01;ПК 113-ЛД;Плавучий причал;Р1,2 I;Речной регистр, Fleetphoto;Архангельск;Лайский судоремонтный завод; Архангельск;;Архангельск  ;РКО (РРР до 2022); Эксплуатируется ;;;;;01.01.2013;;;15;15;5;5;133;0;2.5;2.5;19.6;;1.9;1.6;;;;;;;0;;;;30;;;;;;;0;;0;;;;0;2;;;;;
236421;13;;;ПП-02;ПК 113-ЛД;Плавучий причал;Р1,2 I;Речной регистр, Fleetphoto;"ООО ""Лайский СРЗ"",  Архангельск";Лайский судоремонтный завод; Архангельск;;Архангельск  ;РКО (РРР до 2022); Эксплуатируется ;;;;;01.01.2013;;;15;15;5;5;133;0;2.5;2.5;19.6;;1.9;1.6;;;;;;;0;;;;30;;;;;;;0;;0;;;;0;2;;;;;
236422;14;;;ПП-03;ПК 113-ЛД;Плавучий причал;Р1,2 I;Речной регистр, Fleetphoto;Архангельск;Лайский судоремонтный завод; Архангельск;;Архангельск  ;РКО (РРР до 2022); Эксплуатируется ;;;;;01.01.2013;;;15;15;5;5;133;0;2.5;2.5;19.6;;1.9;1.6;;;;;;;0;;;;30;;;;;;;0;;0;;;;0;2;;;;;
236423;15;;;ПП-04;ПК 113-ЛД;Плавучий причал;Р1,2 I;Речной регистр, Fleetphoto;Архангельск;Лайский судоремонтный завод; Архангельск;;Архангельск  ;РКО (РРР до 2022); Эксплуатируется ;;;;;01.01.2013;;;15;15;5;5;133;0;2.5;2.5;19.6;;1.9;1.6;;;;;;;0;;;;30;;;;;;;0;;0;;;;0;2;;;;;
236424;33;;;Понтон 3/23;ЛД14П;Плавучий причал;Р1,2 I;Речной регистр, Fleetphoto;Архангельск;Лайский судоремонтный завод; Архангельск;;Лайский Док  ;РКО (РРР до 2022); Эксплуатируется ;;;;;01.01.2012;;;14.35;14.35;7.2;7.2;203.8;0;40;40;22.6;;2.34;1.84;;;;;;;0;;;;60;;;;;;;0;;0;;;;0;2;;;;;
236444;16;;;ПП-05;ПК 113-ЛД;Плавучий причал;Р1,2 I;Речной регистр, Fleetphoto;Архангельск;Лайский судоремонтный завод; Архангельск;;Архангельск  ;РКО (РРР до 2022); Эксплуатируется ;;;;;01.01.2013;;;15;15;5;5;133;0;2.5;2.5;19.6;;1.9;1.6;;;;;;;0;;;;30;;;;;;;0;;0;;;;0;2;;;;;
236445;17;;;ПП-06;ПК 113-ЛД;Плавучий причал;Р1,2 I;Речной регистр, Fleetphoto;Архангельск;Лайский судоремонтный завод; Архангельск;;Архангельск  ;РКО (РРР до 2022); Эксплуатируется ;;;;;01.01.2013;;;15;15;5;5;133;0;2.5;2.5;19.6;;1.9;1.6;;;;;;;0;;;;30;;;;;;;0;;0;;;;0;2;;;;;
236446;18;;;ПП-07;ПК 113-ЛД;Плавучий причал;Р1,2 I;Речной регистр, Fleetphoto;Архангельск;Лайский судоремонтный завод; Архангельск;;Архангельск  ;РКО (РРР до 2022); Эксплуатируется ;;;;;01.01.2013;;;15;15;5;5;133;0;2.5;2.5;19.6;;1.9;1.6;;;;;;;0;;;;30;;;;;;;0;;0;;;;0;2;;;;;
236489;25;;;№2004;Р127;Баржа-площадка, секция наплавного моста;Р1,2 III;Речной регистр, Fleetphoto;Криуши;Криушинский судоремонтный завод ВОРП; Криуши;;(Россия)  ;РКО (РРР до 2022); Не эксплуатируется ;;;;;01.01.1983;;;35.54;35;7.54;7.5;324.6;0;40;40;99.6;;1.3;0.877;;;;;;;0;;;;0;;;;;;;0;;0;;;;2;5;;;;;
236495;;;;ПП-08;ПП-20;Плавучий причал;Р1,2 I;Fleetphoto, Речной регистр;ООО «Судосервис»;ООО «Судосервис»; Архангельск;;Архангельская область  ;РКО (РРР до 2022); Эксплуатируется ;;;;;20.10.2017;;;17.73;17.5;6.73;6.5;135.8;0;6.8;6.8;34;;1.28;0.88;;;;;;;0;;;;80;;;;;;;0;;0;;;;0;3;;;;;
236496;9;;;ПП-09;ПП-20;Плавучий причал;Р1,2 I;Fleetphoto, Речной регистр;"ООО ""Судосервис"" , Архангельск";ООО «Судосервис»; Архангельск;;Архангельская область  ;РКО (РРР до 2022); Эксплуатируется ;;;;;23.10.2017;;;17.73;17.5;6.73;6.5;135.8;0;6.8;6.8;34;;1.28;0.88;;;;;;;0;;;;80;;;;;;;0;;0;;;;0;3;;;;;
237413;08612344;;;ПЖ-61/34;824, 824М;Плавучий объект, грузовой причал для швартовки и снабжения судов;О2,0 IV;Fleetphoto, Речной регистр;Свирская судостроительная верфь;Свирская судостроительная верфь; Никольский;;Астрахань  ;РКО (РРР до 2022); Эксплуатируется ;;;;;01.01.1983;;;36.6;36;9.18;9;824.9;0;404.16;0;423.89;;2.6;1.252;;;;;;;0;;;;0;;;;;;;0;;0;;;;0;11;;;;;
237454;;;;АМАЗОНКА;ППМС/1;Плавучий причал маломерных судов;Р1,2 III;Речной регистр;г.Волгоград;;;;;;;;;;;01.01.2015;;;40.5;40.5;30.15;30.15;5.7;0;0;0;14.2;;0.53;0.13;;;;;;;0;;;;0;;;;;;;0;;0;;;;0;0;;;;;
237471;;;;Понтон пр.2028;МСХ2028;Причальный понтон;Р1,2 IV;Речной регистр;Волгоград;;;;;;;;;;;01.01.2017;;;27.68;27.5;8.98;8.8;280.6;0;0;0;0;;1.3;1.04;;;;;;;0;;;;0;;;;;;;0;;0;;;;0;0;;;;;
237624;;;;ОП Тулака (3 секции);ПО/3041;Плавучий причал остановочного пункта;Р1,2 III;Речной регистр;Волгоград;;;;;;;;;;;01.01.2022;;;28;0;8;0;101.88;0;0;0;0;;1.42;0.71;;;;;;;0;;;;0;;;;;;;0;;0;;;;0;0;;;;;
237629;;;;ОП Красноармейск (4 секции);ПО/3042;Плавучий причал остановочного типа;Р1,2 III;Речной регистр;Волгоград;;;;;;;;;;;01.01.2017;;;38;0;11.5;0;118.9;0;0;0;0;;1.22;0.61;;;;;;;0;;;;0;;;;;;;0;;0;;;;0;0;;;;;
237880;;;;Сарепта (39 секций);ПМС-200;Плавучий причал маломерных судов;Р1,2 III;Речной регистр;Красноармейский район;;;;;;;;;;;01.01.2010;;;95;0;60;0;67.92;0;0;0;0;;0.72;0.35;;;;;;;0;;;;0;;;;;;;0;;0;;;;0;0;;;;;
241729;834;;;Пеликан;б/п;Плавучий объект, понтон с грузоподъёмным устройством;Р1,2 IV;Речной регистр;Германия, Schiffswerft Hitler;;;;;;;;;;;01.01.1969;;;25.2;24.9;10.3;10;508.8;0;32.45;0;144;;1.64;0.974;;Дизельный;DEUTZ F8L413;;;;3;;;;0;;;;;;;0;;0;;;;0;6;;;;;
241818;;;;ПРП-25;б/п;Плавучий объект, причальный понтон для посадки и высадки пассажиров;Р1,2 I;Речной регистр;Санкт-Петербург;;;;;;;;;;;01.01.2004;;;25;24;5;5;249;0;3;3;37.6;;2;1.045;;;;;;;0;;;;0;;;;;;;0;;0;;;;1;5;;;;;
241819;б/н;;;ПРП-30;б/п;Плавучий объект, причальный понтон для посадки и высадки пассажиров;Р1,2 I;Речной регистр, Fleetphoto;Санкт-Петербург;(Rus); (Россия);;Санкт-Петербург  ;РКО (РРР до 2022); Эксплуатируется ;;;;;01.01.2001;;;30;30;9;9;116;0;4.5;0;52.5;;1;0.555;;;;;;;0;;;;0;;;;;;;0;;0;;;;0;5;;;;;
241823;;;;Центральный;б/п;Плавучий объект, причальный понтон;Р1,2 I;Речной регистр;Белозерск;;;;;;;;;;;01.01.1990;;;32.3;32;8.3;8;495.3;0;0;0;68.5;;1.4;1.106;;;;;;;0;;;;0;;;;;;;0;;0;;;;0;5;;;;;
241825;;;;Сибиряк;б/п;Плавучий причал, посадка пассажиров и высадка их с судов;Р 1,2 I;Речной регистр, Fleetphoto;;(Rus); (Россия);;Санкт-Петербург  ;РКО (РРР до 2022); Не эксплуатируется ;;;;;01.01.1993;;;12.38;12;4.7;4.5;34;0;0;0;15.28;;0.94;0.28;;;;;;;0;;;;0;;;;;;;0;;0;;;;0;4;;;;;
241827;;;;ЗПТ-3;б/п;Понтон. Плавучий объект, причальный понтон;Р1,2 I;Речной регистр;Санкт-Петербург;;;;;;;;;;;01.01.1963;;;14.02;14;2.95;2.95;39.6;0;1.5;0;9.8;;1.05;0.775;;;;;;;0;;;;0;;;;;;;0;;0;;;;0;2;;;;;
241828;;;;ЗПТ-4;б/п;Плавучий объект, причальный понтон;Р1,2 I;Речной регистр;Санкт-Петербург;;;;;;;;;;;01.01.1963;;;14.02;14;2.95;2.95;39.6;0;1.5;0;9.8;;1.05;0.775;;;;;;;0;;;;0;;;;;;;0;;0;;;;0;2;;;;;
241829;;;;ЗПТ-5;б/п;Плавучий объект, причальный понтон;Р1,2 I;Речной регистр;Санкт-Петербург;;;;;;;;;;;01.01.1995;;;14.02;14;2.95;2.95;39.6;0;1.5;0;9.8;;1.05;0.775;;;;;;;0;;;;0;;;;;;;0;;0;;;;0;2;;;;;
241830;;;;ЗПТ-6;б/п;Понтон. Плавучий объект, причальный понтон;Р1,2 I;Речной регистр;Санкт-Петербург;;;;;;;;;;;01.01.1995;;;14.02;14;2.95;2.95;39.6;0;1.5;0;9.8;;1.05;0.775;;;;;;;0;;;;0;;;;;;;0;;0;;;;0;2;;;;;
241831;;;;ЗПТ-7;б/п;Понтон. Плавучий объект, причальный понтон;Р1,2 I;Речной регистр;Санкт-Петербург;;;;;;;;;;;01.01.1985;;;14.02;14;2.95;2.95;39.6;0;1.5;0;9.8;;1.05;0.775;;;;;;;0;;;;0;;;;;;;0;;0;;;;0;2;;;;;
241832;Б14;;;ЛЕМАРК;411;Плавучий объект, причальный понтон, посадка и высадка пассажиров;Р 1,2 I;Речной регистр;Санкт-Петербург;;;;;;;;;;;01.01.2003;;;15.3;15;4.13;4;73.6;0;0;0;0;;1.25;0.924;;;;;;;0;;;;50;;;;;;;0;;0;;;;0;3;;;;;
241833;;;;ЗПТ-9;б/п;Плавучий объект, причальный понтон;Р1,2 I;Речной регистр;Санкт-Петербург;;;;;;;;;;;01.01.1996;;;21.8;21.8;8;8;155.7;0;3;0;0;;1.43;0.77;;;;;;;0;;;;0;;;;;;;0;;0;;;;0;2;;;;;
241846;3;;;ПП-1;1006;Плавучий объект, причальный понтон;Р1,2 I;Речной регистр;Санкт-Петербург;;;;;;;;;;;01.01.2010;;;14.02;14;2.95;2.8;39.3;0;1.5;0;0;;1.05;0.774;;;;;;;0;;;;20;;;;;;;0;;0;;;;0;2;;;;;
241847;4;;;ПП-2;1006;Плавучий объект, причальный понтон;Р1,2 I;Речной регистр;Санкт-Петербург;;;;;;;;;;;01.01.2010;;;14.02;14;2.95;2.8;39.3;0;1.5;0;0;;1.05;0.774;;;;;;;0;;;;20;;;;;;;0;;0;;;;0;2;;;;;
241868;124;;;П-1;850929;Понтон. Плавучий объект, причальный понтон;Р 1,2 I;Речной регистр;Великий Новгород;;;;;;;;;;;01.01.1986;;;13;13;6;6;114.9;0;0;0;0;;1.5;1.225;;;;;;;0;;;;0;;;;;;;0;;0;;;;0;2;;;;;
241886;3;;;ПРП-15-3;НТК15;Плавучий объект, плавучий причал;Р 1,2 I;Речной регистр, Fleetphoto;"ООО ""РУСКОР"", Новая Ладога";ООО «Рускор»; Новая Ладога;;Санкт-Петербург  ;РКО (РРР до 2022); Эксплуатируется ;;;;;01.01.2015;;;15.1;14.6;5.61;5.5;100;0;3.75;0;18.8;;1.2;0.97;;;;;;;0;;;;0;;;;;;;0;;0;;;;0;3;;;;;
241889;4;;;Рива Лайн;НТК15;Плавучий объект, плавучий причал;Р1,2 I;Речной регистр, Fleetphoto;"ООО ""РУСКОР"", Новая Ладога";ООО «Рускор»; Новая Ладога;;Санкт-Петербург  ;РКО (РРР до 2022); Эксплуатируется ;;;;;01.01.2015;;;15.1;14.6;5.61;5.5;99.1;0;3.75;0;18.8;;1.2;0.97;;;;;;;0;;;;0;;;;;;;0;;0;;;;0;3;;;;;
241933;;;;Понтон 05-80;95М;Плавучий объект, причальный понтон;Р1,2 IV;Речной регистр;СССР;;;;;;;;;;;01.01.1970;;;30.7;29.1;8.4;8.1;631;0;0;0;214.9;;2.12;1.1;;;;;;;0;;;;0;;;;;;;0;;0;;;;0;4;;;;;
241934;;;;Понтон 05-79;390М;Плавучий объект, причальный понтон;Р1,2 IV;Речной регистр;СССР;;;;;;;;;;;01.01.1970;;;28.3;27.1;8.8;8.5;497.9;0;0;0;216.4;;2.2;1.2;;;;;;;0;;;;0;;;;;;;0;;0;;;;0;11;;;;;
242066;;;;Дорожный-8;б/н/ИП Ефремов О.Ю. ПП2014/;Плавучий объект, плавучий причал;Р1,2 I;Речной регистр, Fleetphoto;Улан-Удэ;Улан-Удэнский ССРЗ; Улан-Удэ;;Н.Селенгинск  ;РКО (РРР до 2022); Эксплуатируется ;;;;;01.01.1994;;;18.6;16.2;4.12;3.6;81.78;0;10;0;28.8;;1.4;0.86;;Бензиновый;;;;;0;;;;0;;;;;;;0;;0;;;;0;0;;;;;
242067;;;;Дорожный-7;б/н/ИП Ефремов О.Ю. ПП2014/02;Плавучий объект, плавучий причал;Р1,2 I;Речной регистр, Fleetphoto;Улан-Удэ;Улан-Удэнский ССРЗ; Улан-Удэ;;Н.Селенгинск  ;РКО (РРР до 2022); Эксплуатируется ;;;;;01.01.1994;;;18.6;16.2;3.6;4.12;81.78;0;10;0;28.8;;0.86;0;;;;;;;0;;;;0;;;;;;;0;;0;;;;0;0;;;;;
242068;;;;Дорожный-6;б/н/ИП Ефремов О.Ю. ПП2014/01;Плавучий объект, плавучий причал;Р1,2 I;Речной регистр, Fleetphoto;Улан-Удэ;Улан-Удэнский ССРЗ; Улан-Удэ;;Улан-Удэ  ;РКО (РРР до 2022); Эксплуатируется ;;;;;01.01.1990;;;18.6;16.2;3.6;4.12;81.78;0;10;0;28.8;;1.4;0.86;;Бензиновый;Тохатсу;;;;0;;;;0;;;;;;;0;;0;;;;0;0;;;;;
242071;;;;ПРС-1;А-4ЖС;Несамоходный понтон, технический флот;О2,0;Fleetphoto, Речной регистр;Жигалово;Верфь Верхне-Ленского РВПиС ФБУ «Администрация Ленского бассейна»; Жигалово;;Иркутск  ;РКО (РРР до 2022); Эксплуатируется ;;;;;01.01.2011;;;21;19.9;9.1;9;200;0;13.04;13;44.91;;1.3;0;;;;;;;0;;;;0;;;;;;;0;;0;;;;2;2;;;;;
242075;;;;ПРС-2;А4.Р99;Несамоходный понтон для проведения гидротехнических работ;О2,0;Речной регистр, Fleetphoto;Усолье-Сибирское;Усольская ремонтно-эксплуатационная база флота ВСРП МРФ РСФСР; Усолье-Сибирское;;Иркутск  ;РКО (РРР до 2022); Эксплуатируется ;;;;;01.01.1980;;;28.6;27.1;12;12;866.8;0;13.85;12.4;242.73;;2.6;0;;;;;;;3;;;;0;;;;;;;0;;0;;;;2;0;;;;;
242127;;;;Тритон;СМ 945;Несамоходный секционный понтон технического флота;Р1,2 IV;Речной регистр, Fleetphoto;г.Иркутск;Судоремонтно-судостроительный участок ВСРП; Иркутск;;Иркутск  ;РКО (РРР до 2022); Эксплуатируется ;;;;;01.01.2017;;;33.45;32.49;9;8.9;92;0;15;15;78.38;;1.1;0.67;;;;;;;6;;;;0;;;;;;;0;;0;;;;0;12;;;;;
242185;;;;ПТ-21;Д-34;Плавучий причал;Р1,2 I;Речной регистр;Вологодская РЭБ флота, Вологда;;;;;;;;;;;01.01.1989;;;22.2;22;8.2;8;237.7;0;1.28;1.28;34.74;;1.2;1;;;;;;;0;;;;12;;;;;;;0;;0;;;;0;3;;;;;
242189;;;;БН-294;183ВМ;Понтон, секция наплавного моста;Р1,2 III;Речной регистр;;;;;;;;;;;;01.01.1980;;;35.54;35;7.65;7.5;336.8;0;60;60;0;;1.3;0.7;;;;;;;0;;;;0;;;;;;;0;;0;;;;0;0;;;;;
242196;;;;ПП-10;ПП.10059А;Несамоходный понтон. Плавучий причал;Р1,2 I;Речной регистр;"АО ""Архангельская РЭБ флота"", Архангельск";;;;;;;;;;;01.01.2024;;;17.7;17.5;6.5;6.7;138.35;6.8;6.8;0;27.46;;1.28;1.045;;;;;;;0;;;;80;;;;;;;0;;0;;;;0;3;;;;;
242356;б/н;;;Понтон-1;SW.PON 8x12;Плавучий причал. Плавучий объект, понтон-причал;Л 0,6 IV;Речной регистр, Fleetphoto;Москва;"ООО «Судостроительный судоремонтный завод ""Десант""»"; Москва;;Москва  ;РКО (РРР до 2022); Эксплуатируется ;;;;;01.01.2013;;;12.02;12;8.09;8.02;34;0;0.15;0;25.35;;1;0.302;;;;;;;0;;;;0;;;;;;;0;;0;;;;0;0;;;;;
242404;6;;;Городской причал 1;НТК15П;Плавучий объект, причальный понтон;Р1,2 I;Речной регистр, Fleetphoto;"ООО ""Белогородская судоверфь"", пгт Белый Городок";ООО «Белогородская судоверфь»; Белый Городок;;Санкт-Петербург  ;РКО (РРР до 2022); Эксплуатируется ;;;;;01.01.2022;;;15.15;14.6;6.14;5.5;100;0;3.75;0;18.8;;1.2;0.97;;;;;;;0;;;;50;;;;;;;0;;0;;;;0;3;;;;;
242405;7;;;Городской причал 2;НТК15П;Плавучий объект, причальный понтон;Р1,2 I;Речной регистр, Fleetphoto;"ООО ""Белогородская судоверфь"", пгт Белый Городок";ООО «Белогородская судоверфь»; Белый Городок;;Санкт-Петербург  ;РКО (РРР до 2022); Эксплуатируется ;;;;;01.01.2022;;;15.1;14.6;6.14;5.5;100;0;3.75;0;18.8;;1.2;0.97;;;;;;;0;;;;50;;;;;;;0;;0;;;;0;3;;;;;
242406;8;;;Летний сад;НТК15П;Плавучий объект, причальный понтон;Р1,2 I;Речной регистр, Fleetphoto;пгт. Белый Городок, Белогородский ССРЗ;ООО «Белогородская судоверфь»; Белый Городок;;Санкт-Петербург  ;РКО (РРР до 2022); Эксплуатируется ;;;;;01.01.2022;;;15.76;14.6;5.65;5.5;100;0;3.75;0;18.8;;1.2;0.705;;;;;;;0;;;;50;;;;;;;0;;0;;;;0;3;;;;;
242410;;;;Адмиралтейство;19.НТК15П;Плавучий объект из пяти секций, плавучий причал;Р 1,2 I;Речной регистр, Fleetphoto;пгт. Белый Городок, Белогородский ССРЗ;ООО «Белогородская судоверфь»; Белый Городок;;Санкт-Петербург  ;РКО (РРР до 2022); Эксплуатируется ;;;;;01.01.2022;;;81.36;80.43;5.65;5.5;489.6;0;18.75;0;0;;1.2;0.705;;;;;;;0;;;;250;;;;;;;0;;0;;;;0;0;;;;;
242412;501001;;;501001;ТФРП.501;Плавучий объект, плавучий причал;Р1,2 I;Речной регистр, Fleetphoto;г. Москва;ООО «Пермская судоверфь»; Пермь;;Москва  ;РКО (РРР до 2022); Эксплуатируется ;01.01.2022;;;01.08.2022;01.01.2023;;;16.15;9.73;13;9.73;475.85;0;20.12;0;0;;2.3;1.035;;;;;;;1;;;;42;;;;;;;0;;0;;;;0;0;;;;;
242413;501002;;;501002;ТФРП.501;Плавучий объект, плавучий причал;Р1,2 I;Речной регистр, Fleetphoto;г. Москва;ООО «Пермская судоверфь»; Пермь;;Москва  ;РКО (РРР до 2022); Эксплуатируется ;01.01.2022;;;01.08.2022;01.01.2023;;;16.15;9.73;13;9.73;475.85;0;20.12;0;88.14;;2.3;1.035;;;;;;;1;;;;42;;;;;;;0;;0;;;;0;0;;;;;
242414;501003;;;501003;ТФРП.501;Плавучий объект, плавучий причал;Р1,2 I;Речной регистр, Fleetphoto;г. Москва;ООО «Пермская судоверфь»; Пермь;;Москва  ;РКО (РРР до 2022); Эксплуатируется ;01.01.2022;;;01.08.2022;01.01.2023;;;16.15;9.73;13;9.73;475.85;0;20.12;0;88.14;;2.3;1.035;;;;;;;1;;;;42;;;;;;;0;;0;;;;0;0;;;;;
242415;502002;;;502002;ТФРП.502;Плавучий объект, плавучий причал;Р1,2 I;Речной регистр, Fleetphoto;г. Москва;ООО «Пермская судоверфь»; Пермь;;Москва  ;РКО (РРР до 2022); Эксплуатируется ;07.06.2022;;;01.08.2023;01.01.2023;;;20.29;14.54;17.49;14.54;698.97;0;14.88;0;115;;2.4;0.946;;;;;;;2;;;;80;;;;;;;0;;0;;;;0;4;;;;;
242416;;;;Понтон-площадка 1;РЕКГ.3601;Плавучий причал;Р 1,2 IV;Речной регистр;г. Москва;;;;;;;;;;;01.01.1986;;;19.5;19.5;6;6;1;0;0.9;0;0;;1.5;1.05;;;;;;;0;;;;0;;;;;;;0;;0;;;;0;0;;;;;
242417;;;;Понтон-площадка 2;РЕКГ.3601;Плавучий причал;Р 1,2 IV;Речной регистр;г. Москва;;;;;;;;;;;01.01.1986;;;19.5;19.5;6;6;1;0;0.9;0;0;;1.5;1.05;;;;;;;0;;;;0;;;;;;;0;;0;;;;0;0;;;;;
242418;;;;РПЧ-1;СВ.ПОПР-30-000;Плавучий причал;Р1,2 IV;Речной регистр;г. Москва;;;;;;;;;;;01.01.2020;;;13;13;8.7;8.7;2.8;0;21.55;0;0;;1.4;1;;;;;;;0;;;;0;;;;;;;0;;0;;;;0;3;;;;;
242419;;;;Лагуна К240/110;МПК002.001;Плавучий причал;Л0,6IV;Речной регистр;г. Москва;;;;;;;;;;;01.01.2022;;;24;0;11;0;2.8;0;0;4;0;;0.65;0.3;;;;;;;0;;;;12;;;;;;;0;;0;;;;0;0;;;;;
242421;;;;Б1;СВ.ПО.Б1;Плавучий причал;Р1,2 IV;Речной регистр;Тверь;;;;;;;;;;;01.01.2019;;;12;11.8;4;3.9;113.2;0;0;0;6;;0.86;0.86;;;;;;;0;;;;0;;;;;;;0;;0;;;;0;0;;;;;
242424;501004;;;501004;ТФРП.501;Плавучий объект, плавучий причал;Р1,2 I;Речной регистр, Fleetphoto;г. Москва;ООО «Пермская судоверфь»; Пермь;;Москва  ;РКО (РРР до 2022); Эксплуатируется ;01.12.2022;;;01.01.2023;01.01.2023;;;16.15;9.73;13;9.73;475.85;0;20.12;0;88.14;;2.3;1.035;;;;;;;1;;;;42;;;;;;;0;;0;;;;2;2;;;;;
242425;501005;;;501005;ТФРП.501;Плавучий объект, плавучий причал;Р1,2 I;Речной регистр, Fleetphoto;г. Москва;ООО «Пермская судоверфь»; Пермь;;Москва  ;РКО (РРР до 2022); Эксплуатируется ;01.12.2022;;;01.01.2023;01.01.2023;;;16.15;9.73;13;9.73;475.4;0;20.12;0;88.14;;2.3;1.035;;;;;;;1;;;;42;;;;;;;0;;0;;;;2;2;;;;;
242426;501006;;;501006;ТФРП.501;Плавучий объект, плавучий причал;Р1,2 I;Речной регистр, Fleetphoto;г. Москва;ООО «Пермская судоверфь»; Пермь;;Москва  ;РКО (РРР до 2022); Эксплуатируется ;01.12.2022;;;01.01.2023;01.01.2023;;;16.15;9.73;13;9.73;475.7;0;20.12;0;88.14;;2.3;1.035;;;;;;;1;;;;42;;;;;;;0;;0;;;;2;2;;;;;
242427;501007;;;501007;ТФРП.501;Плавучий объект, плавучий причал;Р1,2 I;Речной регистр, Fleetphoto;г. Москва;ООО «Пермская судоверфь»; Пермь;;Москва  ;РКО (РРР до 2022); Эксплуатируется ;01.12.2022;;;01.01.2023;01.01.2024;;;16.15;9.73;13;9.73;475.85;0;20.12;0;88.14;;2.3;1.035;;;;;;;1;;;;42;;;;;;;0;;0;;;;2;2;;;;;
242428;502006;;;502006;ТФРП.502;Плавучий объект, плавучий причал;Р1,2 I;Речной регистр, Fleetphoto;г. Москва;ООО «Пермская судоверфь»; Пермь;;Москва  ;РКО (РРР до 2022); Эксплуатируется ;01.01.2022;;;01.04.2023;01.01.2023;;;20.29;14.54;17.49;14.54;698.97;0;14.88;0;115;;2.4;0.946;;;;;;;1;;;;80;;;;;;;0;;0;;;;0;4;;;;;
242430;;;;ПМП;АС.016-ПЗ;Плавучий объект, наплавной мост неразрезной системы;Р1,2 III;Речной регистр;г. Навашино;;;;;;;;;;;01.01.1982;;;125.75;125.75;8.03;8.03;860.32;0;360;20;0;;1.1;0.37;;;;;;;0;;;;0;;;;;;;0;;0;;;;0;0;;;;;
242431;501008;;;Ecostation D10, стр.№501008;ТФРП.501;Плавучий объект, плавучий причал;Р1,2 I;Речной регистр, Fleetphoto;г. Москва;ООО «Пермская судоверфь»; Пермь;;Москва  ;РКО (РРР до 2022); Эксплуатируется ;01.12.2022;;;01.01.2023;01.01.2024;;;16.15;9.73;13;9.73;475.85;0;20.12;0;88.14;;2.3;1.035;;;;;;;1;;;;42;;;;;;;0;;0;;;;2;2;;;;;
242432;501004;;;501009;ТФРП.501;Плавучий объект, плавучий причал;Р1,2 I;Речной регистр, Fleetphoto;г. Москва;ООО «Пермская судоверфь»; Пермь;;Москва  ;РКО (РРР до 2022); Эксплуатируется ;01.12.2022;;;01.01.2023;01.01.2024;;;16.15;9.73;13;9.73;475.85;0;20.12;0;88.14;;2.3;1.035;;;;;;;1;;;;42;;;;;;;0;;0;;;;2;2;;;;;
242433;501010;;;501010;ТФРП.501;Плавучий объект, плавучий причал;Р1,2 I;Речной регистр, Fleetphoto;г. Москва;ООО «Пермская судоверфь»; Пермь;;Москва  ;РКО (РРР до 2022); Эксплуатируется ;01.12.2022;;;01.01.2023;01.01.2024;;;16.15;9.73;13;9.73;475.85;0;20.12;0;88.14;;2.3;1.035;;;;;;;1;;;;42;;;;;;;0;;0;;;;2;2;;;;;
242434;501011;;;501011;ТФРП.501;Плавучий объект, плавучий причал;Р1,2 I;Речной регистр, Fleetphoto;г. Москва;ООО «Пермская судоверфь»; Пермь;;Москва  ;РКО (РРР до 2022); Эксплуатируется ;;;;01.01.2023;01.01.2024;;;16.15;9.73;13;9.73;475.85;0;20.12;0;88.14;;2.3;1.035;;;;;;;1;;;;42;;;;;;;0;;0;;;;2;2;;;;;
242460;69;;;Остров-100КМ;б/н;Понтон. Многокорпусный плавучий объект, плавучий причал;Р 1,2 IV;Речной регистр;г.Выборг;;;;;;;;;;;01.01.2015;;;16.05;16.05;4.81;4.81;82.6;0;0;0;0;;1.07;0.6;;;;;;;0;;;;30;;;;;;;0;;0;;;;0;0;;;;;
242462;;;;П-1;№10300П;Несамоходный понтон для швартовки судов;Р1,2 I;Речной регистр;"Судостроительный завод ""Ока""";;;;;;;;;;;01.01.1993;;;16.44;16;7.2;7.1;1;0;0;0;0;;1.4;0;;;;;;;0;;;;0;;;;;;;0;;0;;;;0;0;;;;;
244415;;;;ПЖТ-66, секция 8;А-1459;Плавучий причал;О2,0 IV;Речной регистр, Fleetphoto;г.Городец;ГП «Городецкая судоверфь»; Городец;;Севастополь  ;РКО (РРР до 2022); Эксплуатируется ;;;;;01.01.1976;;;51.89;50;13.9;13.5;1995.2;211;0;0;0;;4;2.02;;;;;;;0;;;;0;;;;;;;0;;0;;;;2;2;;;;;
244443;401;;;ПЖ-61М, секция 1;824М;Плавучий причал;О2,0 IV;Речной регистр, Fleetphoto;Свирская судоверфь;Свирская судостроительная верфь; Никольский;;Севастополь  ;РКО (РРР до 2022); Эксплуатируется ;;;;;01.01.1981;;;36.3;36;9;9;842;65;0;0;462;;2.7;1.15;;;;;;;0;;;;0;;;;;;;0;;0;;;;0;12;;;;;
244551;;;;ПЛАВУЧИЙ ПРИЧАЛ №58А(голов сек);58А;Плавучий причал;О2,0 IV;Речной регистр, Fleetphoto;Городец;ГП «Городецкая судоверфь»; Городец;;Севастополь  ;РКО (РРР до 2022); Эксплуатируется ;;;;;01.01.1984;;;36;36;9;9;529.2;0;0;0;0;;2.7;1.4;;;;;;;0;;;;0;;;;;;;0;;0;;;;0;6;;;;;
244592;1;;;Понтон 1;50370К1;Несамоходное, технологический понтон;О-ПР2,0(лед20);Речной регистр, Fleetphoto;г.Севастополь;"Филиал ""Севастопольский морской завод"" АО ""Центр судоремонта ""Звездочка"""; Севастополь;;Порт Кавказ  ;РКО (РРР до 2022); Эксплуатируется ;;;;;01.01.2017;;;60.4;60.2;16.95;16.5;3908.23;414;1716;1600;2525;;5;2.018;;;;;;;0;;;;0;;;;;;;0;;0;;;;0;6;;;;;
244593;2;;;Понтон 2;50370К2;Несамоходное, технологический понтон;О-ПР2,0(лед20);Речной регистр, Fleetphoto;г.Севастополь;"Филиал ""Севастопольский морской завод"" АО ""Центр судоремонта ""Звездочка"""; Севастополь;;Порт Кавказ  ;РКО (РРР до 2022); Эксплуатируется ;;;;;01.01.2017;;;60.4;60.2;16.95;16.5;3933.7;417;1683;1600;2525;;5;2.018;;;;;;;0;;;;0;;;;;;;0;;0;;;;0;6;;;;;
244594;1;;;Понтон 3;50370КЗ;Несамоходное, технологический понтон;О-ПР2,0(лед20);Речной регистр, Fleetphoto;Севастополь;"Филиал ""Севастопольский морской завод"" АО ""Центр судоремонта ""Звездочка"""; Севастополь;;Порт Кавказ  ;РКО (РРР до 2022); Эксплуатируется ;;;;;01.01.2017;;;60.4;60.2;16.95;16.5;3908.23;414;1656;1600;2525;;5;2.018;;;;;;;0;;;;0;;;;;;;0;;0;;;;0;6;;;;;
244595;4;;;Понтон 4;50370К4;Несамоходное, технологический понтон;О-ПР2,0(лед20);Речной регистр, Fleetphoto;Севастополь;"Филиал ""Севастопольский морской завод"" АО ""Центр судоремонта ""Звездочка"""; Севастополь;;Порт Кавказ  ;РКО (РРР до 2022); Эксплуатируется ;;;;;01.01.2017;;;60.4;60.2;16.95;16.5;3922.38;415;1675;1600;2525;;5;2.018;;;;;;;0;;;;0;;;;;;;0;;0;;;;0;6;;;;;
244647;407;;;ПЛАВУЧИЙ ПРИЧАЛ №59б (головной);ПЖ-61;Плавучий объект, плавучий причал;О2,0 IV;Речной регистр, Fleetphoto;Херсон;ГП «Гороховецкий ССЗ (завод №343)»; Гороховец;;Севастополь  ;РКО (РРР до 2022); Эксплуатируется ;;;;;01.01.1992;;;36;36;9;9;758.4;0;0;0;0;;2.6;1;;;;;;;0;;;;0;;;;;;;0;;0;;;;0;11;;;;;
244648;407;;;ПЛАВУЧИЙ ПРИЧАЛ №59б (средний);ПЖ-61;Плавучий объект, плавучий причал;О2,0 IV;Речной регистр, Fleetphoto;Гороховец;ГП «Гороховецкий ССЗ (завод №343)»; Гороховец;;Севастополь  ;РКО (РРР до 2022); Эксплуатируется ;;;;;01.01.1982;;;36;36;9;9;758.4;0;0;0;0;;2.6;1;;;;;;;0;;;;0;;;;;;;0;;0;;;;0;11;;;;;
244649;407;;;ПЛАВУЧИЙ ПРИЧАЛ №59б (корневой);ПЖ-61;Плавучий объект, плавучий причал;О2,0 IV;Речной регистр, Fleetphoto;Гороховец;ГП «Гороховецкий ССЗ (завод №343)»; Гороховец;;Севастополь  ;РКО (РРР до 2022); Эксплуатируется ;;;;;01.01.1982;;;36;36;9;9;758.4;0;0;0;0;;2.6;1;;;;;;;0;;;;0;;;;;;;0;;0;;;;0;11;;;;;
244658;;;;ПЛАВУЧИЙ ПРИЧАЛ №59а (головной);ПЖ-61;Понтон.Плавучий объект, плавучий причал;О2,0 IV;Речной регистр, Fleetphoto;Гороховец;ГП «Гороховецкий ССЗ (завод №343)»; Гороховец;;Севастополь  ;РКО (РРР до 2022); Эксплуатируется ;;;;;01.01.1982;;;36;36;9;9;758.4;0;0;0;0;;2.6;1;;;;;;;0;;;;0;;;;;;;0;;0;;;;2;3;;;;;
244659;;;;ПЛАВУЧИЙ ПРИЧАЛ №59а (средний);ПЖ-61;Понтон. Плавучий объект, плавучий причал;О2,0 IV;Речной регистр, Fleetphoto;Гороховец;ГП «Гороховецкий ССЗ (завод №343)»; Гороховец;;Севастополь  ;РКО (РРР до 2022); Эксплуатируется ;;;;;01.01.1982;;;36;36;9;9;758.4;0;0;0;0;;2.6;1;;;;;;;0;;;;0;;;;;;;0;;0;;;;0;11;;;;;
244660;407;;;ПЛАВУЧИЙ ПРИЧАЛ №59а (корневой);ПЖ-61;Плавучий объект, плавучий причал;О2,0 IV;Речной регистр, Fleetphoto;Гороховец;ГП «Гороховецкий ССЗ (завод №343)»; Гороховец;;Севастополь  ;РКО (РРР до 2022); Эксплуатируется ;;;;;01.01.1982;;;36;36;9;9;758.4;0;0;0;0;;2.6;1;;;;;;;0;;;;0;;;;;;;0;;0;;;;0;11;;;;;
244677;;;;Причальный понтон;824;Плавучий объект, причальный понтон;М-ПР2,5 IV;Речной регистр, Fleetphoto;Свирская судоверфь;Свирская судостроительная верфь; Никольский;;Керчь  ;РКО (РРР до 2022); Эксплуатируется ;;;;;01.01.1982;;;36.6;36;9.18;9;523.55;55;0;0;462;;2.7;1.35;;;;;;;0;;;;0;;;;;;;0;;0;;;;0;13;;;;;
244766;;;;Понтон-430;Р-24;Стоечное судно, понтон для швартовки судов;Р1,2 IV;Речной регистр;Кострома;;;;;;;;;;;01.01.1966;;;42.5;42;8.5;8;932.5;0;0;0;0;;2.8;1.86;;;;;;;0;;;;0;;;;;;;0;;0;;;;1;7;;;;;
244897;;;;29 линия;817А;Плавучий объект. Наплавной понтонный мост;Р1,2 III;Речной регистр, Fleetphoto;Череповецкий ССЗ;Череповецкий судостроительно-судоремонтный завод; Череповец;;Ростов-на-Дону  ;РКО (РРР до 2022); Эксплуатируется ;;;;;01.01.1973;;;112.4;112.4;12.5;12.5;1927.2;0;80;80;0;;1.5;1.18;;;;;;;0;;;;0;;;;;;;0;;0;;;;0;0;;;;;
244899;;;;П-50;ИБЧ П-50;Несамоходный двухсекционный понтон. Гидрогеологическое бурение.;О-ПР мс2,0;Речной регистр, Fleetphoto;г.Аксай;ОАО «ССРЗ «Мидель»; Аксай;;Ростов-на-Дону  ;РКО (РРР до 2022); Эксплуатируется ;;;;;01.01.2018;;;17.04;0;5.01;0;0;0;0;0;0;;1.195;0.689;;;;;;;0;;;;0;;;;;;;0;;0;;;;0;4;;;;;
245035;;;;ЮТ-000182;824, 824М;Плавучий причал из трех понтонов;М-ПР3,0 IV;Fleetphoto, Речной регистр;Свирская судоверфь, Ленинрадская область;Свирская судостроительная верфь; Никольский;;Керчь  ;РКО (РРР до 2022); Эксплуатируется ;;;;;01.01.1990;;;108.5;108;9.3;9;2275.3;0;0;0;462;;2.7;1.2;;;;;;;0;;;;0;;;;;;;0;;0;;;;0;11;;;;;
245088;1;;;Плавучий причал №6Б-ПП-1;19542;Плавучий объект, плавучий причал для швартовки маломерных судов;О2,0 IV;Fleetphoto, Речной регистр;"ОАО ""Крымжелезобетон"", г.Симферополь";"ОАО ""Крымжелезобетон"""; Симферополь;;Севастополь  ;РКО (РРР до 2022); Эксплуатируется ;;;;;01.01.2004;;;60.4;60.4;2.77;2.7;198.1;0;0;0;113.25;;1.2;0.52;;;;;;;0;;;;0;;;;;;;0;;0;;;;2;3;;;;;
245089;2;;;Плавучий причал №6Б-ПП-2;19542;Плавучий объект, плавучий причал для швартовки маломерных судов;О2,0 IV;Fleetphoto, Речной регистр;"ОАО ""Крымжелезобетон"", г. Симферополь";"ОАО ""Крымжелезобетон"""; Симферополь;;Севастополь  ;РКО (РРР до 2022); Эксплуатируется ;;;;;01.01.2004;;;60.4;60.4;2.77;2.7;198.1;0;0;0;113.25;;1.2;0.52;;;;;;;0;;;;0;;;;;;;0;;0;;;;2;3;;;;;
245090;;;;Плавучий причал №7Б-ПП;19542;Плавучий объект, плавучий причал для швартовки маломерных судов;О2,0 IV;Речной регистр, Fleetphoto;"ОАО ""Крымжелезобетон"", г. Симферополь";"ОАО ""Крымжелезобетон"""; Симферополь;;Севастополь  ;РКО (РРР до 2022); Эксплуатируется ;;;;;01.01.2004;;;72.4;72.4;2.77;2.7;237.7;0;0;0;135.9;;1.2;0.52;;;;;;;0;;;;0;;;;;;;0;;0;;;;2;3;;;;;
245098;1;;;Плавучий причал №267Б;0908;Плавучий объект. Плавучее стоечное сооружение, причальный понтон причала для маломерных судов.;О2,0 IV;Речной регистр;г.Херсон, Украина;;;;;;;;;;;01.01.2008;;;24;24;4;4.3;181.1;19;0;0;138;;2.7;1.3;;;;;;;0;;;;0;;;;;;;0;;0;;;;0;4;;;;;
245122;;;;Плавучий причал №114;MPLAN25;Плавучий объект, состоящий из 7 понтонов, плавучий причал для швартовки и стоянки маломерных судов;О2,0 IV;Речной регистр;PORALU MARINE, Франция;;;;;;;;;;;01.01.2010;;;78.33;78.33;1.98;1.71;89.37;0;0;0;0;;0.67;0.4;;;;;;;0;;;;0;;;;;;;0;;0;;;;0;0;;;;;
245123;D110907/07, D110907/;;;Плавучий причал №114А;MPLAN25;Плавучий объект, состоящий из 2 понтонов, плавучий причал для швартовки и стоянки маломерных судов;О2,0 IV;Речной регистр;PORALU MARINE, Франция;;;;;;;;;;;01.01.2010;;;24;24;1.98;1.71;27.5;0;0;0;0;;0.67;0.4;;;;;;;0;;;;0;;;;;;;0;;0;;;;0;0;;;;;
245124;ПП-068;;;Плавучий причал №114А-1;19542;Плавучий объект, плавучий причал для швартовки и стоянки маломерных судов;О2,0 IV;Речной регистр, Fleetphoto;"ОАО ""Крымжелезобетон"", г. Симферополь";"ОАО ""Крымжелезобетон"""; Симферополь;;Севастополь  ;РКО (РРР до 2022); Эксплуатируется ;;;;;01.01.2008;;;12;12;2.77;2.7;39.6;0;0;0;22.65;;1.2;0.52;;;;;;;0;;;;0;;;;;;;0;;0;;;;2;3;;;;;
245125;ПП-070;;;Плавучий причал №114А-2;19542;Плавучий объект, плавучий причал для швартовки и стоянки маломерных судов;О2,0 IV;Речной регистр, Fleetphoto;"ОАО ""Крымжелезобетон"", г. Симферополь";"ОАО ""Крымжелезобетон"""; Симферополь;;Севастополь  ;РКО (РРР до 2022); Эксплуатируется ;;;;;01.01.2008;;;12;12;2.77;2.7;39.6;0;0;0;22.65;;1.2;0.52;;;;;;;0;;;;0;;;;;;;0;;0;;;;2;3;;;;;
245126;ПП-071;;;Плавучий причал №114А-3;19542;Плавучий объект, плавучий причал для швартовки и стоянки маломерных судов;О2,0 IV;Речной регистр, Fleetphoto;"ОАО ""Крымжелезобетон"", г. Симферополь";"ОАО ""Крымжелезобетон"""; Симферополь;;Севастополь  ;РКО (РРР до 2022); Эксплуатируется ;;;;;01.01.2009;;;12;12;2.77;2.7;39.6;0;0;0;22.65;;1.2;0.52;;;;;;;0;;;;0;;;;;;;0;;0;;;;2;3;;;;;
245200;;;;Плавучий причал №261Г;19542;Плавобъект, состоящий из 5 понтонов:ПП-51, ПП-52, ПП-53, ПП-54, ПП-55,плавпричал для швартовки малом;О2,0 IV;Речной регистр;"ОАО ""Крымжелезобетон"" г.Симферополь";;;;;;;;;;;01.01.2009;;;60.64;60.64;2.77;2.7;198.1;0;0;0;113.25;;1.2;0.52;;;;;;;0;;;;0;;;;;;;0;;0;;;;0;0;;;;;
245201;;;;Плавучий причал №261Д;19542;Плавобъект, состоящий из 4 понтонов:ПП-56, ПП-57, ПП-58, ПП-59, плавпричал для швартовки малом. судо;О2,0 IV;Речной регистр;"ОАО ""Крымжелезобетон"" г.Симферополь";;;;;;;;;;;01.01.2009;;;48.48;48.48;2.77;2.7;158.5;0;0;0;90.6;;1.2;0.52;;;;;;;0;;;;0;;;;;;;0;;0;;;;0;0;;;;;
245202;;;;Плавучий причал №261Е;19542;Плавобъект, состоящий из 3 понтонов:ПП-60, ПП-61, ПП-6, плавпричал для швартовки маломерных судов;О2,0 IV;Речной регистр;"ОАО ""Крымжелезобетон"" г.Симферополь";;;;;;;;;;;01.01.2009;;;36.32;36.32;2.77;2.7;118.9;0;0;0;67.95;;1.2;0.52;;;;;;;0;;;;0;;;;;;;0;;0;;;;0;0;;;;;
245203;;;;Плавучий причал №264А;19542;Плавобъект, состоящий из 5 понтонов:ПП-63, ПП-64, ПП-65, ПП-66, ПП-67,плавпричал для швартовки малом;О2,0 IV;Речной регистр;"ОАО ""Крымжелезобетон"" г.Симферополь";;;;;;;;;;;01.01.2009;;;60.64;60.64;2.77;2.7;198.1;0;0;0;113.25;;1.2;0.52;;;;;;;0;;;;0;;;;;;;0;;0;;;;0;0;;;;;
245351;ПП-012;;;Плавучий причал № 7;19542;Плавучий объект, плавучий причал для швартовки и стоянки маломерных судов;М-ПР3,0 IV;Речной регистр, Fleetphoto;"ОАО ""Крымжелезобетон"", г.Симферополь";"ОАО ""Крымжелезобетон"""; Симферополь;;Севастополь  ;РКО (РРР до 2022); Эксплуатируется ;;;;;01.01.2004;;;12;12;2.77;2.7;38.88;0;0;0;22.65;;1.2;0.52;;;;;;;0;;;;0;;;;;;;0;;0;;;;2;3;;;;;
245387;UA-ADAP0208JO12;;;Плавучий причал №243Б-1;ТП-153;Плавучий объект, плавучий причал для швартовки и стоянки маломерных судов;М-ПР3,0 IV;Речной регистр;"ООО ""Адамант Бот Сервис"", г.Киев, Украина";;;;;;;;;;;01.01.2012;;;15;15;2.5;2.4;27.72;0;0;0;0;;1.2;0.5;;;;;;;0;;;;0;;;;;;;0;;0;;;;0;2;;;;;
245388;UA-ADAPA207JO12;;;Плавучий причал №243Б-2;ТП-153;Плавучий объект, плавучий причал для швартовки и стоянки маломерных судов;М-ПР3,0 IV;Речной регистр;"ООО ""Адамант Бот Сервис"", г.Киев, Украина";;;;;;;;;;;01.01.2012;;;15;15;2.4;2.4;22.72;0;0;0;0;;1.2;0.5;;;;;;;0;;;;0;;;;;;;0;;0;;;;0;2;;;;;
245389;UA-ADAP2-6JO12;;;Плавучий причал №243Б-3;ТП-153;Плавучий объект, плавучий причал для швартовки и стоянки маломерных судов;М-ПР3,0 IV;Речной регистр;"ООО ""Адамант Бот Сервис"", г.Киев, Украина";;;;;;;;;;;01.01.2012;;;15;15;2.4;2.4;22.72;0;0;0;0;;1.2;0.5;;;;;;;0;;;;0;;;;;;;0;;0;;;;0;2;;;;;
245390;UA-ADAPA205JO12;;;Плавучий причал №243Б-4;ТП-153;Плавучий объект, плавучий причал для швартовки и стоянки маломерных судов;М-ПР3,0 IV;Речной регистр;"ООО ""Адамант Бот Сервис"" г.Киев, Украина";;;;;;;;;;;01.01.2012;;;15;15;2.4;2.4;22.72;0;0;0;0;;1.2;0.5;;;;;;;0;;;;0;;;;;;;0;;0;;;;0;2;;;;;
245391;ПП-058;;;Плавучий причал №243Г;19542;Плавучий объект, плавучий причал для швартовки и стоянки маломерных судов;М-ПР3,0 IV;Речной регистр, Fleetphoto;"ОАО ""Крымжелезобетон"", г.Симферополь";"ОАО ""Крымжелезобетон"""; Симферополь;;Севастополь  ;РКО (РРР до 2022); Эксплуатируется ;;;;;01.01.2005;;;12;12;2.7;2.7;32.3;0;0;0;0;;1.2;0.55;;;;;;;0;;;;0;;;;;;;0;;0;;;;2;3;;;;;
245428;н/у;;;ПОНТОН-ПЛАШКОУТ-20;1270;Несамохрдный понтон-плашкоут, перевозка строительных материалов, крупногабаритных грузов, пр.оборудо;М-СП3,5;Речной регистр;г.Туапсе, Россия;;;;;;;;;;;01.01.1987;;;23.84;23.5;14.34;14;530;56;450;200;576.8;;3.5;1.472;;;;;;;0;;;;0;;;;;;;0;;0;;;;1;3;;;;;
245434;ПП-068;;;Плавучий причал №6Б-ПП-68;19542;Плавучий объект, плавучий причал для швартовки и стоянки маломерных судов;О2,0 IV;Речной регистр;"ОАО ""Крымжелезобетон"" г.Симферополь";;;;;;;;;;;01.01.2008;;;12;12;2.77;2.7;14;0;0;0;22.65;;1.2;0.52;;;;;;;0;;;;0;;;;;;;0;;0;;;;0;0;;;;;
245435;ПП-069;;;Плавучий причал №6Б-ПП-69;19542;Плавучий объект, плавучий причал для швартовки и стоянки маломерных судов;О2,0 IV;Речной регистр;"ОАО ""Крымжелезобетон"" г.Симферополь";;;;;;;;;;;01.01.2008;;;12;12;2.77;2.7;38.88;0;0;0;22.66;;1.2;0.52;;;;;;;0;;;;0;;;;;;;0;;0;;;;0;0;;;;;
245436;ПП-070;;;Плавучий причал №6Б-ПП-70;19542;Плавучий объект, плавучий причал для швартовки и стоянки маломерных судов;О2,0 IV;Речной регистр;"ОАО ""Крымжелезобетон"" г.Симферополь";;;;;;;;;;;01.01.2008;;;12;12;2.77;2.7;38.88;0;0;0;22.65;;1.2;0.52;;;;;;;0;;;;0;;;;;;;0;;0;;;;0;0;;;;;
245437;ПП-071;;;Плавучий причал №6Б-ПП-71;19542;Плавучий объект, плавучий причал для швартовки и стоянки маломерных судов;О2,0 IV;Речной регистр;"ОАО ""Крымжелезобетон"" г.Симферополь";;;;;;;;;;;01.01.2008;;;12;12;2.77;2.7;38.88;0;0;0;22.65;;1.2;0.52;;;;;;;0;;;;0;;;;;;;0;;0;;;;0;0;;;;;
245438;ПП-072;;;Плавучий причал №6Б-ПП-72;19542;Плавучий объект, плавучий причал для швартовки и стоянки маломерных судов;О2,0 IV;Речной регистр;"ОАО ""Крымжелезобетон"" г.Симферополь";;;;;;;;;;;01.01.2008;;;12;12;2.77;2.7;38.88;0;0;0;22.65;;1.2;0.52;;;;;;;0;;;;0;;;;;;;0;;0;;;;0;0;;;;;
245439;ПП-0073;;;Плавучий причал №6Б-ПП-73;19542;Плавучий объект, плавучий причал для швартовки и стоянки маломерных судов;О2,0 IV;Речной регистр;"ОАО ""Крымжелезобетон"" г.Симферополь";;;;;;;;;;;01.01.2008;;;12;12;2.77;2.7;38.88;0;0;0;22.65;;1.2;0.52;;;;;;;0;;;;0;;;;;;;0;;0;;;;0;0;;;;;
245440;ПП-074;;;Плавучий причал №6Б-ПП-74;19542;Плавучий объект, плавучий причал для швартовки и стоянки маломерных судов;О2,0 IV;Речной регистр;"ОАО ""Крымжелезобетон"" г.Симферополь";;;;;;;;;;;01.01.2008;;;12;12;2.77;2.7;38.88;0;0;0;22.65;;1.2;0.52;;;;;;;0;;;;0;;;;;;;0;;0;;;;0;0;;;;;
245441;ПП-075;;;Плавучий причал №6Б-ПП-75;19542;Плавучий объект, плавучий причал для швартовки и стоянки маломерных судов;О2,0 IV;Речной регистр;"ОАО ""Крымжелезобетон"" г.Симферополь";;;;;;;;;;;01.01.2008;;;12;12;2.77;2.7;38.88;0;0;0;22.65;;1.2;0.52;;;;;;;0;;;;0;;;;;;;0;;0;;;;0;0;;;;;
245442;ПП-076;;;Плавучий причал №5Б-ПП-76;19542;Плавучий объект, плавучий причал для швартовки и стоянки маломерных судов;О2,0 IV;Речной регистр;"ОАО ""Крымжелезобетон"" г.Симферополь";;;;;;;;;;;01.01.2008;;;12;12;2.77;2.7;38.88;0;0;0;22.65;;1.2;0.52;;;;;;;0;;;;0;;;;;;;0;;0;;;;0;0;;;;;
245443;ПП-077;;;Плавучий причал №5Б-ПП-77;19542;Плавучий объект, плавучий причал для швартовки и стоянки маломерных судов;О2,0 IV;Речной регистр;"ОАО ""Крымжелезобетон"" г.Симферополь";;;;;;;;;;;01.01.2008;;;12;12;2.77;2.7;38.88;0;0;0;22.65;;1.2;0.52;;;;;;;0;;;;0;;;;;;;0;;0;;;;0;0;;;;;
245444;ПП-078;;;Плавучий причал № 243Г-2;19452;Плавучий объект, плавучий причал для швартовки и стоянки маломерных судов;М-ПР3,0 IV;Речной регистр;"ОАО ""Крымжелезобетон"" г.Симферополь";;;;;;;;;;;01.01.2008;;;12;12;2.77;2.7;38.88;0;0;0;22.65;;1.2;0.52;;;;;;;0;;;;0;;;;;;;0;;0;;;;0;0;;;;;
245445;ПП-079;;;Плавучий причал №243 Ж-1;19542;Плавучий объект, плавучий причал для швартовки и стоянки маломерных судов;М-ПР3,0 IV;Речной регистр;"ОАО ""Крымжелезобетон"" г.Симферополь";;;;;;;;;;;01.01.2008;;;12;12;2.77;2.7;14;0;0;0;22.65;;1.2;0.52;;;;;;;0;;;;0;;;;;;;0;;0;;;;0;0;;;;;
245446;ПП-080;;;Плавучий причал №243 Ж-2;19542;Плавучий объект, плавучий причал для швартовки и стоянки маломерных судов;М-ПР3,0 IV;Речной регистр;"ОАО ""Крымжелезобетон"", г.Симферополь";;;;;;;;;;;01.01.2008;;;12;12;2.77;2.7;38.8;0;0;0;22.65;;1.2;0.52;;;;;;;0;;;;0;;;;;;;0;;0;;;;3;2;;;;;
245447;ПП-081;;;Плавучий причал №243 Ж-3;19542;Плавучий объект, плавучий причал для швартовки и стоянки маломерных судов;М-ПР3,0 IV;Речной регистр;"ОАО ""Крымжелезобетон"" г.Симферополь";;;;;;;;;;;01.01.2008;;;12;12;2.77;2.7;38.88;0;0;0;22.65;;1.2;0.52;;;;;;;0;;;;0;;;;;;;0;;0;;;;0;0;;;;;
245462;480;;;Плавучий причал № 236;824 (ПЖ-61);Плавучий объект, состоящий из 3 понтонов, плавучий причал;М-ПР3,0 IV;Речной регистр;СССР, Ленинградсккая обл., пос. Никольское;;;;;;;;;;;01.01.1976;;;108.8;0;9.4;9;2274.48;0;0;0;0;;2.6;1.2;;;;;;;0;;;;0;;;;;;;0;;0;;;;0;0;;;;;
245500;ПВЖБ 15-240-115/1512;;;Плавучий причал  № 243В;ТП153;Плавучий причал, состоящий из 4 понтонов, плавучий причал для швартовки и стоянки маломерных судов;М-ПР3,0 IV;Речной регистр;Украина, Киевская обл., с.Халепье;;;;;;;;;;;01.01.2011;;;63.1;0;2.6;0;40.57;0;0;0;22.96;;1.15;0.5;;;;;;;0;;;;0;;;;;;;0;;0;;;;0;0;;;;;
245575;;;;Мистраль;б/п;Плавучий объект, плавучий причал для посадки и высадки пассажиров;Р1,2 I;Речной регистр, Fleetphoto;Шлиссельбург;ООО «Невский ССРЗ»; Шлиссельбург;;Санкт-Петербург  ;РКО (РРР до 2022); Эксплуатируется ;;;;;01.01.2011;;;14.1;14;3.7;3.6;45.3;0;0;0;19.98;;0.876;0.455;;;;;;;2;;;;0;;;;;;;0;;0;;;;0;3;;;;;
245611;5;;;ПРП-15-4;НТК15;Плавучий объект, причальный понтон;Р1,2 I;Речной регистр, Fleetphoto;"ООО ""РУСКОР"", Новая Ладога";ООО «Рускор»; Новая Ладога;;Санкт-Петербург  ;РКО (РРР до 2022); Эксплуатируется ;;;;;01.01.2017;;;15.1;14.6;5.61;5.5;99.1;0;3.75;0;18.8;;1.2;0.975;;;;;;;0;;;;0;;;;;;;0;;0;;;;0;3;;;;;
245650;301;;;стр. № 301;3263;Плавучий объект, однокорпусной наплавной мост для переправы транспорта и пешеходов;Р1,2 IV;Речной регистр, Fleetphoto;"ООО ""Онежский ССЗ"", Петрозаводск";ООО «Онежский судостроительно-судоремонтный завод»; Петрозаводск;;Петрозаводск  ;РКО (РРР до 2022); Эксплуатируется ;;;;17.11.2017;01.01.2017;;;114.55;90.7;7.81;7;1692.3;0;0;95;310.5;;2.7;1.686;;;;;;;0;;;;0;;;;;;;0;;0;;;;0;6;;;;;
245659;15,16,17,18,19,20;;;ПК1;1270;Плавучий объект, плавучий причал, швартовка судов, посадка и высадка служащих ГИМС;Р1,2 I;Речной регистр, Fleetphoto;"ООО ""Марина Сервис"", Санкт-Петербург";ООО «Марин-Сервис»; Санкт-Петербург;;Санкт-Петербург  ;РКО (РРР до 2022); Эксплуатируется ;;;;;01.01.2016;;;12.14;12;2.54;2.4;155.7;0;9;9;83.88;;0.9;0.3;;;;;;;1;;;;0;;;;;;;0;;0;;;;0;0;;;;;
245689;;;;ДБР-28;824;Плавучий объект, причальный понтон для посадки и высадки пассажиров;Р 1,2 I;Речной регистр, Fleetphoto;Свирская судоверфь, п. Никольский;ОАО «Свирская судостроительная верфь»; Никольский;;Санкт-Петербург  ;РКО (РРР до 2022); Эксплуатируется ;;;;;01.01.1996;;;36.4;36;9.4;9;834.9;0;0;0;483;;2.6;1.15;;;;;;;0;;;;0;;;;;;;0;;0;;;;0;11;;;;;
245744;001;;;П-1;03130;Плавучий объект, плавучий причал, посадка и высадка пассажиров;Р 1,2 I;Речной регистр, Fleetphoto;"ООО ""НПФ ""РОСТРА"", Санкт-Петербург";"ООО «НПФ ""Ростра""»"; Санкт-Петербург;;Санкт-Петербург  ;РКО (РРР до 2022); Эксплуатируется ;;;;;01.01.2018;;;20.3;19.52;5.2;5;102.4;0;5;0;30.48;;1.25;0.755;;;;;;;0;;;;0;;;;;;;0;;0;;;;0;3;;;;;
245755;002;;;П-2;03130;Плавучий объект, плавучий причал, посадка и высадка пассажиров;Р 1,2 I;Речной регистр, Fleetphoto;"ООО ""НПФ ""РОСТРА"", Санкт-Петербург";"ООО «НПФ ""Ростра""»"; Санкт-Петербург;;Санкт-Петербург  ;РКО (РРР до 2022); Эксплуатируется ;;;;;01.01.2018;;;20.3;19.52;5.2;5;102.4;0;5;0;30.48;;1.25;0.755;;;;;;;0;;;;0;;;;;;;0;;0;;;;0;3;;;;;
246030;;;;ПП-01;414Б;Плавучий причал;Р1,2 IV;Речной регистр, Fleetphoto;Жигалово;ГП «Жигаловская судоверфь ЛОРП МРФ РСФСР»; Жигалово;;Анадырь  ;РКО (РРР до 2022); Эксплуатируется ;;;;;01.01.1973;;;12.3;12;10.3;10;240.02;0;6;6;34;;2;1.72;;;;;;;0;;;;0;;;;;;;0;;0;;;;1;2;;;;;
246516;1500;;;ПП-48 (ПД-48);1777;Плавучее стоечное сооружение, плавучий причал;R3;Речной регистр;Херсон, Украинский ССр;;;;;;;;;;;01.01.1979;;;145.5;64.4;32.4;10;1110;0;8810;8810;23300;;7.375;2.555;;;;;;;0;;;;0;;;;;;;0;;0;;;;0;0;;;;;
246851;001;;;Наплавной мост-8;25285;Плавучий объект, однокорпусный наплавной мост для переправы транспорта и пешеходов;Р1,2 III;Речной регистр, Fleetphoto;"ООО ""Система"", Шлиссельбург";ООО «Система»; Шлиссельбург;;Санкт-Петербург  ;РКО (РРР до 2022); Эксплуатируется ;;;;;01.01.2018;;;20.3;20.3;8.5;8.5;693.4;0;0;40;0;;2.3;1.7;;;;;;;0;;;;0;;;;;;;0;;0;;;;0;4;;;;;
246907;;;;КС-63-1;ТР.667;Плавучий объект, плавучий причал;Р 1,2 I;Речной регистр, Fleetphoto;Ярославль;ОАО «Ярославский судостроительный завод»; Ярославль;;Санкт-Петербург  ;РКО (РРР до 2022); Эксплуатируется ;;;;;01.01.2008;;;21.6;21.6;3.6;3.6;139.8;0;0;0;71.6;;1.8;0.894;;;;;;;0;;;;0;;;;;;;0;;0;;;;0;2;;;;;
246908;;;;КС-63-2;ТР.667;Плавучий объект, плавучий причал;Р 1,2 I;Речной регистр, Fleetphoto;Ярославль;ОАО «Ярославский судостроительный завод»; Ярославль;;Санкт-Петербург  ;РКО (РРР до 2022); Эксплуатируется ;;;;;01.01.2008;;;21.6;21.6;3.6;3.6;139.8;0;0;0;71.6;;1.8;0.894;;;;;;;0;;;;0;;;;;;;0;;0;;;;0;2;;;;;
246953;;;;02-08ЛЗ;б/п;Плавучий объект, плавучий причал для посадки и высадки пассажиров;Р 1,2 I;Речной регистр;Санкт-Петербург;;;;;;;;;;;01.01.2013;;;15.9;15.45;4.9;4.9;82.1;0;3.75;0;23.01;;1.1;0.805;;;;;;;0;;;;0;;;;;;;0;;0;;;;0;3;;;;;
247075;6;;;ПРП-15-5;НТК15;Плавучий объект, плавучий причал;Р 1,2 I;Речной регистр, Fleetphoto;"ООО ""РУСКОР"", Новая Ладога";ООО «Рускор»; Новая Ладога;;Санкт-Петербург  ;РКО (РРР до 2022); Эксплуатируется ;;;;;01.01.2019;;;15.1;14.6;5.61;5.5;99.1;0;3.75;0;18.8;;1.2;0.975;;;;;;;0;;;;0;;;;;;;0;;0;;;;0;3;;;;;
247076;7;;;ПРП-15-6;НТК15;Плавучий объект, плавучий причал;Р 1,2 I;Речной регистр, Fleetphoto;"ООО ""РУСКОР"", Новая Ладога";ООО «Рускор»; Новая Ладога;;Санкт-Петербург  ;РКО (РРР до 2022); Эксплуатируется ;;;;;01.01.2019;;;15.1;14.6;5.61;5.5;99.1;0;3.75;0;18.8;;1.2;0.975;;;;;;;0;;;;0;;;;;;;0;;0;;;;0;3;;;;;
247098;;;;Причал № 8;б/п;Плавучий причал;Р1,2 I;Речной регистр;"ССЗ ""Спецтранс"", Ленинград";;;;;;;;;;;01.01.1978;;;14.02;12.69;4.7;4.7;62.3;0;0;0;19.43;;1.05;0.724;;;;;;;0;;;;0;;;;;;;0;;0;;;;1;2;;;;;
247107;002;;;ПРП-38;ПП38;Плавучий объект, плавучий причал;Р1,2 I;Речной регистр, Fleetphoto;ООО «Инжиниринговая компания «РОСТР», Новая Ладога;"ООО «Инжиниринговая компания ""РОСТР""»"; Новая Ладога;;Санкт-Петербург  ;РКО (РРР до 2022); Эксплуатируется ;;;;;01.01.2019;;;38.03;38;8.1;8;148.2;0;0;0;42.9;;1.3;0.706;;;;;;;0;;;;0;;;;;;;0;;0;;;;0;3;;;;;
247140;;;;Понтон № 7;б/п;Плавучий причал для посадки и высадки пассажиров;Р1,2 I;Речной регистр;СССР;;;;;;;;;;;01.01.1956;;;12;0;4;0;36;0;0;0;0;;1.4;0.9;;;;;;;0;;;;0;;;;;;;0;;0;;;;0;0;;;;;
247156;;;;Поплавок;б/п;Плавучий причал, посадка и высадка пассажиров;Р1,2 I;Речной регистр, Fleetphoto;Великий Новгород;(Rus); (Россия);;Великий Новгород  ;РКО (РРР до 2022); Эксплуатируется ;;;;;01.01.2006;;;18;14.5;6;6;156.3;0;0;0;0;;1.5;1.23;;;;;;;0;;;;0;;;;;;;0;;0;;;;0;2;;;;;
247210;;;;ПП-1;б/п;Плавучий объект, плавучий причал для посадки и высадки пассажиров;Р 1,2 I;Речной регистр, Fleetphoto;"СК ""Астра Марин"", Санкт-Петербург";Астрон-Марин; Санкт-Петербург;;Санкт-Петербург  ;РКО (РРР до 2022); Эксплуатируется ;;;;;01.01.2016;;;38;38;8.1;8;146.8;0;0;0;0;;1.3;0.6;;;;;;;0;;;;0;;;;;;;0;;0;;;;0;0;;;;;
247331;18-02;;;Понтон П-1;РЕГК.02.328/П1;Плавучий причал;Р1,2 I;Речной регистр, Fleetphoto;"ООО РЭБ СК ""Ока"", Бор";"ООО «РЭБ СК ""Ока""»"; Бор;;Нижний Новгород  ;РКО (РРР до 2022); Эксплуатируется ;;;;;01.01.2016;;;20.15;19.75;10;9.6;158.5;0;1.2;0;33.17;;1.75;1.345;;;;;;;0;;;;12;;;;;;;0;;0;;;;2;0;;;;;
247376;1;;;Плавучий металлический причал для швартовки пассажирских судов №1;КН.025/ПР1;Плавучий причал, швартовка пассажирских СПК, высадка-посадка пассажиров;Р1,2 I;Речной регистр, Fleetphoto;"АО ""Чкаловская судоверфь"", Чкаловск";ОАО «Чкаловская судоверфь»; Чкаловск;;Нижний Новгород  ;РКО (РРР до 2022); Эксплуатируется ;;;;;01.01.2022;;;18.5;17.5;2.61;2.4;49.2;0;1.53;0;13.8;;1.2;0.844;;;;;;;1;;;;0;;;;;;;0;;0;;;;0;4;;;;;
247377;2;;;Плавучий металлический причал для швартовки пассажирских судов №2;КН.025/ПР1;Плавучий причал, швартовка пассажирских СПК, высадка-посадка пассажиров;Р1,2 I;Речной регистр, Fleetphoto;"АО ""Чкаловская судоверфь"", Чкаловск";ОАО «Чкаловская судоверфь»; Чкаловск;;Нижний Новгород  ;РКО (РРР до 2022); Эксплуатируется ;;;;;01.01.2022;;;18.5;17.5;2.61;2.4;49.2;0;1.53;0;13.8;;1.2;0.844;;;;;;;1;;;;0;;;;;;;0;;0;;;;0;4;;;;;
247378;3;;;Плавучий металлический причал для швартовки пассажирских судов №3;КН.025/ПР1;Плавучий причал, швартовка пассажирских СПК, высадка-посадка пассажиров;Р1,2 I;Речной регистр, Fleetphoto;"АО ""Чкаловская судоверфь"", Чкаловск";ОАО «Чкаловская судоверфь»; Чкаловск;;Нижний Новгород  ;РКО (РРР до 2022); Эксплуатируется ;;;;;01.01.2022;;;18.5;17.5;2.61;2.4;49.2;0;1.53;0;13.8;;1.2;0.844;;;;;;;1;;;;0;;;;;;;0;;0;;;;0;4;;;;;
247379;4;;;Плавучий металлический причал для швартовки пассажирских судов №4;КН.025/ПР1;Плавучий причал, швартовка пассажирских СПК, высадка-посадка пассажиров;Р1,2 I;Речной регистр, Fleetphoto;"АО ""Чкаловская судоверфь"", Чкаловск";ОАО «Чкаловская судоверфь»; Чкаловск;;Нижний Новгород  ;РКО (РРР до 2022); Эксплуатируется ;;;;;01.01.2022;;;18.5;17.5;2.61;2.4;49.2;0;1.53;0;13.8;;1.2;0.844;;;;;;;1;;;;0;;;;;;;0;;0;;;;0;4;;;;;
247380;5;;;Плавучий металлический причал для швартовки  пассажирских судов №5;КН.025/ПР1;Плавучий причал, швартовка пассажирских СПК, высадка-посадка пассажиров;Р1,2 I;Речной регистр, Fleetphoto;"АО ""Чкаловская судоверфь"", Чкаловск";ОАО «Чкаловская судоверфь»; Чкаловск;;Нижний Новгород  ;РКО (РРР до 2022); Эксплуатируется ;;;;;01.01.2022;;;18.5;17.5;2.61;2.4;49.2;0;1.53;0;13.8;;1.2;0.844;;;;;;;1;;;;0;;;;;;;0;;0;;;;0;4;;;;;
247399;6;;;Плавучий металлический причал для швартовки пассажирских судов №6;КН.025/ПР1;Плавучий причал, швартовка пассажирских СПК, высадка-посадка пассажиров;Р1,2 I;Речной регистр, Fleetphoto;"АО ""Чкаловская судоверфь"", Чкаловск";ОАО «Чкаловская судоверфь»; Чкаловск;;Нижний Новгород  ;РКО (РРР до 2022); Эксплуатируется ;;;;;01.01.2023;;;18.5;17.5;2.61;2.4;48.1;0;1.53;0;13.8;;1.2;0.844;;;;;;;1;;;;0;;;;;;;0;;0;;;;0;4;;;;;
247400;7;;;Плавучий металлический причал для швартовки пассажирских судов №7;КН.025/ПР1;Плавучий причал, швартовка пассажирских СПК, высадка-посадка пассажиров;Р1,2 I;Речной регистр, Fleetphoto;"АО ""Чкаловская судоверфь"", Чкаловск";ОАО «Чкаловская судоверфь»; Чкаловск;;Нижний Новгород  ;РКО (РРР до 2022); Эксплуатируется ;;;;;01.01.2023;;;18.5;17.5;2.61;2.4;48.1;0;1.53;0;13.8;;1.2;0.844;;;;;;;1;;;;0;;;;;;;0;;0;;;;0;4;;;;;
247609;;;;ПК-1;А4.Д90;Несамоходный понтон;О2,0;Речной регистр;г.Байкальск;;;;;;;;;;;01.01.2018;;;52.56;46.26;16;15.6;3072;0;0;0;300.32;;3.86;3.432;;;;;;;0;;;;0;;;;;;;0;;0;;;;2;8;;;;;
247630;01;;;Дорожный-9;А4.ПП.01;Несамоходный причальный понтон;Р1,2 I;Речной регистр;Турунтаева;;;;;;;;;;;01.01.2021;;;16.39;16.02;6.32;5.95;114.74;0;20;20;42.6;;1.25;0.753;;;;;;;0;;;;20;;;;;;;0;;0;;;;0;3;;;;;
247631;;;;Д-38;Д-34;Плавучий причал для швартовки судов местных линий сообщений;О2,0 I;Fleetphoto, Речной регистр;Усольский РЭУ;Усольская ремонтно-эксплуатационная база флота ВСРП МРФ РСФСР; Усолье-Сибирское;;Братск  ;РКО (РРР до 2022); Эксплуатируется ;;;;;01.01.1988;;;22.2;22;8.2;8;345.3;0;0;0;36.07;;1.2;0.97;;;;;;;0;;;;12;;;;;;;0;;0;;;;0;3;;;;;
247632;;;;Д-39;Д-34;Плавучий причал для швартовки судов местных линий сообщений;О2,0 I;Fleetphoto, Речной регистр;Усольский РЭУ;Усольская ремонтно-эксплуатационная база флота ВСРП МРФ РСФСР; Усолье-Сибирское;;Братск  ;РКО (РРР до 2022); Эксплуатируется ;;;;;01.01.1989;;;22.2;22;8.2;8;345.3;0;0;0;36.07;;1.2;0.97;;;;;;;0;;;;12;;;;;;;0;;0;;;;0;3;;;;;
247633;;;;Д-40;Д-34;Плавучий причал для швартовки судов местных линий сообщений;О2,0 I;Fleetphoto, Речной регистр;Усольский РЭУ;Усольская ремонтно-эксплуатационная база флота ВСРП МРФ РСФСР; Усолье-Сибирское;;Братск  ;РКО (РРР до 2022); Эксплуатируется ;;;;;01.01.1989;;;22.2;22;8.2;8;345.3;0;0;0;36.07;;1.2;0.97;;;;;;;0;;;;12;;;;;;;0;;0;;;;0;3;;;;;
247634;;;;31;282;Плавучий причал для швартовки судов местных линий сообщений;О2,0 I;Речной регистр;Усольский РЭУ;;;;;;;;;;;01.01.1969;;;20.41;18.8;6.41;6;209.4;0;0;0;29.32;;1.8;1.51;;;;;;;0;;;;12;;;;;;;0;;0;;;;0;3;;;;;
247650;01;;;А4.ПН.01;А4.ПН.01;Плавучий причал;Р1,2 I;Fleetphoto, Речной регистр;г.Иркутск;ОАО «ПО Иркутский завод тяжелого машиностроения»; Иркутск;;Иркутск  ;РКО (РРР до 2022); Эксплуатируется ;;;;;01.01.2019;;;12.31;12.31;11.3;11.3;7;0;7.45;0;0;;0.68;0.37;;;;;;;2;;;;26;;;;;;;0;;0;;;;0;0;;;;;
247651;02;;;Дорожный-10;А4.ПП.01;Плавучий объект, плавучий причал;Р1,2 I;Речной регистр;п.Турунтаева;;;;;;;;;;;01.01.2021;;;16.39;16.02;6.32;5.95;114.74;0;20;20;42.6;;1.25;0.753;;;;;;;0;;;;20;;;;;;;0;;0;;;;0;3;;;;;
247663;;;;Д-9;282;Плавучий причал для швартовки судов местных линий сообщений;О2,0 I;Речной регистр;Усольское РЭУ;;;;;;;;;;;01.01.1969;;;20.41;18.8;6.41;6;209.4;0;0.9;0.9;0;;4.92;1.51;;;;;;;0;;;;12;;;;;;;0;;0;;;;0;3;;;;;
247664;;;;Д-94;282;Плавучий причал для швартовки судов местных линий сообщений;О2,0 I;Речной регистр, Fleetphoto;Усолье-Сибирское;Усольская ремонтно-эксплуатационная база флота ВСРП МРФ РСФСР; Усолье-Сибирское;;Аносово  ;РКО (РРР до 2022); Эксплуатируется ;;;;;01.01.1970;;;20.41;18.8;6.41;6;209.4;0;0.9;0.9;0;;4.92;1.51;;;;;;;0;;;;12;;;;;;;0;;0;;;;0;3;;;;;
247665;;;;Д-41;Д-34;Плавучий причал для швартовки судов местных линий сообщений;О2,0 I;Fleetphoto, Речной регистр;Усолье-Сибирское;Усольская ремонтно-эксплуатационная база флота ВСРП МРФ РСФСР; Усолье-Сибирское;;Аносово  ;РКО (РРР до 2022); Эксплуатируется ;;;;;01.01.1989;;;22.2;22;8.2;8;345.3;0;0;0;36.07;;1.2;0.97;;;;;;;0;;;;12;;;;;;;0;;0;;;;0;3;;;;;
247666;;;;Д-42;Д-34;Плавучий причал для швартовки судов местных линий сообщений;О2,0 I;Fleetphoto, Речной регистр;Усолье-Сибирское;Усольская ремонтно-эксплуатационная база флота ВСРП МРФ РСФСР; Усолье-Сибирское;;Балаганск  ;РКО (РРР до 2022); Эксплуатируется ;;;;;01.01.1990;;;22.2;22;8.2;8;345.3;0;0.9;0.9;36.07;;1.2;0.97;;;;;;;0;;;;12;;;;;;;0;;0;;;;0;3;;;;;
247667;;;;Д-16;282;Плавучий причал для швартовки судов местных линий сообщений;О2,0 I;Речной регистр;Усолье-Сибирское;;;;;;;;;;;01.01.1969;;;20.41;18.8;6.41;6;209.4;0;0.9;0.9;0;;1.8;1.51;;;;;;;0;;;;12;;;;;;;0;;0;;;;0;3;;;;;
247668;;;;Д-12;282;Плавучий причал для швартовки судов местных линий сообщений;О2,0 I;Речной регистр;Усолье-Сибирское;;;;;;;;;;;01.01.1969;;;20.41;18.8;6.41;6;209.4;0;0;0;29.32;;1.8;1.51;;;;;;;0;;;;12;;;;;;;0;;0;;;;0;3;;;;;
247693;001;;;Дебаркадер - 1;ПБФ 3127.21;Металлический дебаркадер для швартовки судов длиной не более 30 м., посадки и высадки пассажиров;О2,0 I;Речной регистр;Усолье РЭУ;;;;;;;;;;;01.01.2021;;;20.37;18;6.37;6;201.5;0;0.9;0.9;22.87;;1.8;1.574;;;;;;;0;;;;12;;;;;;;0;;0;;;;0;3;;;;;
247694;002;;;Дебаркадер - 2;ПБФ 3127.21;Металлический дебаркадер для швартовки судов длиной не более 30 м., посадки и высадки пассажиров;О2,0 I;Речной регистр;Усолье РЭУ;;;;;;;;;;;01.01.2021;;;20.37;18;6.37;6;201.5;0;0.9;0.9;22.87;;1.8;1.574;;;;;;;0;;;;12;;;;;;;0;;0;;;;0;3;;;;;
247697;003;;;Дебаркадер-003;ПБФ 3127.21;Металлический дебаркадер для швартовки судов длиной не более 30 м., посадки и высадки пассажиров;О2,0 I;Речной регистр;Усолье РЭУ;;;;;;;;;;;01.01.2021;;;20.37;18;6.37;6;201.5;0;0.9;0.9;22.87;;1.8;1.574;;;;;;;0;;;;12;;;;;;;0;;0;;;;0;3;;;;;
247698;004;;;Дебаркадер-004;ПБФ 3127.21;Металлический дебаркадер для швартовки судов длиной не более 30 м., посадки и высадки пассажиров;О2,0 I;Речной регистр;Усолье РЭУ;;;;;;;;;;;01.01.2021;;;20.37;18;6.37;6;201.5;0;0.9;0.9;22.87;;1.8;1.574;;;;;;;0;;;;12;;;;;;;0;;0;;;;0;3;;;;;
247751;79;;;Плавучий причал ЛГ 47-97;1571;Плавучий причал для швартовки маломерных судов;М-ПР3,0 IV;Речной регистр;"ООО ""Марина Сервис"", г.Санкт-Петербург";;;;;;;;;;;01.01.2013;;;15;0;2.54;0;40.57;0;0;0.5;23.2;;1.15;0.5;;;;;;;0;;;;0;;;;;;;0;;0;;;;0;0;;;;;
247752;81;;;Плавучий причал ЛГ 47-99;1571;Плавучий причал для швартовки маломерных судов;М-ПР3,0 IV;Речной регистр;"ООО ""Марин Сервис"", г.Санкт-Петербург";;;;;;;;;;;01.01.2013;;;15;0;2.54;0;40.57;0;0;0.5;23.2;;1.15;0.5;;;;;;;0;;;;0;;;;;;;0;;0;;;;0;0;;;;;
247783;28;;;Плавучий причал ЛГ 48-01;1571;Плавучий причал для швартовки маломерных судов;М-ПР3,0 IV;Речной регистр;"ООО ""Марина-Сервис"",г.Санкт-Петербург,";;;;;;;;;;;01.01.2013;;;15;0;2.54;0;40.57;0;0;0.5;23.2;;1.15;0.5;;;;;;;0;;;;0;;;;;;;0;;0;;;;0;0;;;;;
247882;206;;;Плавучий причал №243А-1;1572;Плавучий причал для швартовки маломерных судов;М-ПР3,0 IV;Речной регистр;"ООО ""Марина Сервис"", г.Санкт-Петербург";;;;;;;;;;;01.01.2020;;;15;0;2.4;0;22.72;0;0;3.5;0;;1.2;0.5;;;;;;;0;;;;0;;;;;;;0;;0;;;;0;0;;;;;
247883;217;;;Плавучий причал №243А-2;1572;Плавучий причал для швартовки маломерных судов;М-ПР3,0 IV;Речной регистр;"ООО ""Марина Сервис"", г. Санкт-Петербург";;;;;;;;;;;01.01.2021;;;15;0;2.4;0;22.72;0;0;3.5;0;;1.2;0.5;;;;;;;0;;;;0;;;;;;;0;;0;;;;0;0;;;;;
247884;218;;;Плавучий причал №243 А-3;1572;Плавучий причал для швартовки маломерных судов;М-ПР3,0 IV;Речной регистр;"ООО ""Марина Сервис"", г.Санкт-Петербург";;;;;;;;;;;01.01.2021;;;15;0;2.4;0;22.72;0;0;0;0;;1.2;0.5;;;;;;;0;;;;0;;;;;;;0;;0;;;;0;0;;;;;
247885;246;;;Плавучий причал №243 А-4;1572;Плавучий причал для швартовки маломерных судов;М-ПР3,0 IV;Речной регистр;"ООО ""Марина Сервис"", г.Санкт-Петербург";;;;;;;;;;;01.01.2021;;;15;0;2.4;0;22.72;0;0;0;0;;1.2;0.5;;;;;;;0;;;;0;;;;;;;0;;0;;;;0;0;;;;;
247886;б/н;;;Плавучий причал №243Е-1;1572;Плавучий причал для швартовки маломерных судов;М-ПР3,0 IV;Речной регистр;"ООО ""Марина Сервис"", г.Санкт-Петербург";;;;;;;;;;;01.01.2021;;;15;0;2.4;0;22.72;0;0;3.5;0;;1.2;0.5;;;;;;;0;;;;0;;;;;;;0;;0;;;;0;0;;;;;
247887;б/н;;;Плавучий причал №243 Е-2;1572;Плавучий причал для швартовки маломерных судов;М-ПР3,0 IV;Речной регистр;"ООО ""Марина Сервис"", г.Санкт-Петербург";;;;;;;;;;;01.01.2013;;;15;0;2.4;0;22.72;0;0;3.5;0;;1.2;0.5;;;;;;;0;;;;0;;;;;;;0;;0;;;;0;0;;;;;
247888;;;;Плавучий причал №243Е-3;1572;Плавучий причал для швартовки маломерных судов;М-ПР3,0 IV;Речной регистр;"ООО ""Марина Сервис"" г.Санкт-Петербург";;;;;;;;;;;01.01.2013;;;15;0;2.4;0;22.72;0;0;3.5;0;;1.2;0.5;;;;;;;0;;;;0;;;;;;;0;;0;;;;0;0;;;;;
247889;б/н;;;Плавучий причал №243Е-4;1572;Плавучий причал для швартовки маломерных судов;М-ПР3,0 IV;Речной регистр;г.Санкт-Петербург;;;;;;;;;;;01.01.2013;;;15;0;2.4;0;22.72;0;0;0;0;;1.2;0.5;;;;;;;0;;;;0;;;;;;;0;;0;;;;0;0;;;;;
247930;;;;Таганрог 2018;РП 12-24М;Железобетонный понтон, причал для маломерных судов;О2,0 IV;Речной регистр;г.Ростов-на-Дону;;;;;;;;;;;01.01.2018;;;12;12;2.65;2.65;31.8;0;0;2;0;;1;0.47;;;;;;;0;;;;0;;;;;;;0;;0;;;;0;0;;;;;
247935;3;;;ХНМ-75;RDB 72.01;Наплавной мост на отдельных плавучих опорах (понтонах), проход пешеходов и проезд автотранспорта;Р1,2 III;Речной регистр;"ОАО ""ПССРЗ""";;;;;;;;;;;01.01.2023;;;75;62.7;14.3;14.3;2090.3;0;0;32;0;;1.1;0.47;;;;;;;0;;;;0;;;;;;;0;;0;;;;0;0;;;;;
247938;;;;ПЖ-61М;824;Плавучий причал;О-ПР2,0 IV;Речной регистр;г.Городец, Свирская с/в;;;;;;;;;;;01.01.1977;;;73.04;72;9.6;9;1669.7;0;0;0;0;;2.6;1.33;;;;;;;0;;;;0;;;;;;;0;;0;;;;0;0;;;;;
247959;01;;;П-01;RDB 62.05;Плавучий причал, для высадки и посадки пассажиров и стоянки пассажирских барж-приставок;Л0,6 I;Речной регистр;"ООО ""Ремстройсервис"", г.Лиски";;;;;;;;;;;01.01.2015;;;22.38;20;3.77;3.5;70.8;0;5;0;18.47;;1;0.735;;;;;;;0;;;;50;;;;;;;0;;0;;;;1;4;;;;;
247965;002;;;Плавучий причал № 9;486;Плавучий причал;О2,0 I;Речной регистр;Таганрог;;;;;;;;;;;01.01.2023;;;95;96;15;16;3149.8;0;0;0;0;;2.21;1.923;;;;;;;0;;;;460;;;;;;;0;;0;;;;0;0;;;;;
247967;;;;42 ОП РЗ 42К-332/0034;100/01-12-РД;Наплавной мост на отдельных плавучих опорах (понтонах), проход пешеходов и проезд автотранспорта;Л0,6 III;Речной регистр;"ОАО ""Павловский ССРЗ"", г.Павловск";;;;;;;;;;;01.01.2012;;;33.52;22.05;10;10;1274;0;0;10;0;;1.5;0.71;;;;;;;0;;;;0;;;;;;;0;;0;;;;0;0;;;;;
247980;01;;;П-02;ПБФ 4018.23/ПП;Плавучий причал, швартовка судов, посадка и высадка пассажиров;Р1,2 I;Речной регистр;"ООО ""РемСтройСервис"" , г.Лиски";;;;;;;;;;;01.01.2023;;;15.2;15;4.2;4;53.77;0;3.75;0;0;;0.9;0.66;;;;;;;0;;;;50;;;;;;;0;;0;;;;0;0;;;;;
248011;2;;;20 ОП Р3 Н 36-31Н;RDB 66.76;Наплавной мост понтонного типа;Р1,2 III;Речной регистр;г.Павловск;;;;;;;;;;;01.01.2022;;;80.24;67.3;11;11;549;0;0;32;0;;1.1;0.57;;;;;;;0;;;;0;;;;;;;0;;0;;;;0;2;;;;;
248074;1;;;Дон-1;RDB74.02;Понтон. Плав.причал для шварт.пассаж.СПК типа Метеор120Р и Валдай45Р с целью посадки.и высад пассаж.;Р1,2 I;Речной регистр, Fleetphoto;"ОАО ""Моряк""";ОАО «Моряк»; Ростов-на-Дону;;Ростов-на-Дону  ;РКО (РРР до 2022); Эксплуатируется ;;;;;01.01.2024;;;30.19;30;5.46;5;210;0;0;0;58.65;;1.404;1.004;;;;;;;0;;;;120;;;;;;;0;;0;;;;1;4;;;;;
248075;2;;;Дон-2;RDB74.02;Понтон. Плав.причал для шварт.пассаж.СПК типа Метеор120Р и Валдай45Р с целью посадки.и высад пассаж.;Р1,2 I;Речной регистр, Fleetphoto;"ОАО ""Моряк""";ОАО «Моряк»; Ростов-на-Дону;;Ростов-на-Дону  ;РКО (РРР до 2022); Эксплуатируется ;;;;;01.01.2024;;;30.19;30;5.46;5;210;0;0;0;58.65;;1.404;1.004;;;;;;;0;;;;120;;;;;;;0;;0;;;;1;4;;;;;
248091;;;;ТП-1;-;Баржа для генерального груза. Транспортный понтон;КМ ± R2 pоntоn;Речной регистр;;;;;;;;;;;;01.01.2001;;;24;0;14.2;0;266;58;0;0;0;;3.5;1.306;;;;;;;0;;;;0;;;;;;;0;;0;;;;0;0;;;;;
248092;;;;ТП-2;-;Баржа для генерального груза. Транспортный понтон;КМ ± R3 pоntоn;Речной регистр;;;;;;;;;;;;01.01.1966;;;40.32;0;19.36;0;1700;180;468;0;0;;2.92;0.76;;;;;;;0;;;;0;;;;;;;0;;0;;;;0;0;;;;;
248228;;;;ПЛАВУЧИЙ ПРИЧАЛ №226(корневой понтон);проект 824,ПЖ-61;Плавучий объект, плавучий причал;О2,0 IV;Речной регистр;пос.Никольский, Свирская судоверфь;;;;;;;;;;;01.01.1973;;;36;36;9;9;758.4;0;0;0;0;;2.6;1.2;;;;;;;0;;;;0;;;;;;;0;;0;;;;0;0;;;;;
248229;;;;ПЛАВУЧИЙ ПРИЧАЛ №226(средний понтон);Проект 824,ПЖ-61;Плавучий объект, плавучий причал;О2,0 IV;Речной регистр;пос.Никольский, Свирская судоверфь;;;;;;;;;;;01.01.1973;;;36;0;9;0;758.4;0;0;0;0;;2.6;1.4;;;;;;;0;;;;0;;;;;;;0;;0;;;;0;0;;;;;
248230;;;;ПЛАВУЧИЙ ПРИЧАЛ №226(головной понтон);ПЖ-61,проект 824;Плавучий объект, плавучий причал;О2,0 IV;Речной регистр;пос.Никольский, Свирская судоверфь;;;;;;;;;;;01.01.1973;;;36;0;9;0;758.4;0;0;0;0;;2.6;1.4;;;;;;;0;;;;0;;;;;;;0;;0;;;;0;0;;;;;
248287;;;;"Дебаркадер ""ДД-3""";н/у;Плавучий объект, плавучий причал;О2,0 IV;Речной регистр;Белорусия;;;;;;;;;;;01.01.1954;;;45.4;0;12;0;1980;0;0;0;0;;3;1.75;;;;;;;0;;;;150;;;;;;;0;;0;;;;0;0;;;;;
248344;№725;;;Плавучий причал ПЖ-61 №254, секция №725;ПЖ-61;Понтон. Плавучий объект, плавучий причал;М-ПР 2,0 IV;Речной регистр;СССР;;;;;;;;;;;01.01.1975;;;36;36;9;9;758.4;0;0;0;428;;2.6;1.2;;;;;;;0;;;;0;;;;;;;0;;0;;;;0;11;;;;;
248345;;;;Плавучий причал ПЖ-61 №254, секция №755;ПЖ-61;Понтон. Плавучий объект, плавучий причал;М-ПР 2,0 IV;Речной регистр;СССР;;;;;;;;;;;01.01.1975;;;36;36;9;9;758.4;0;0;0;428;;2.6;1.2;;;;;;;0;;;;0;;;;;;;0;;0;;;;0;11;;;;;
248375;н/у;;;Понтон МПС 12*3;н/у;Понтон. Плавучий причал для швартовки маломерных судов.;М-ПР3,0 IV;Речной регистр;г.Севастополь;;;;;;;;;;;01.01.2023;;;12;11.69;3.2;3;9;0;0;0;13.2;;0.85;0.4;;;;;;;0;;;;0;;;;;;;0;;0;;;;0;0;;;;;
248717;6;;;ПСР-6;б/п;Технологический понтон;Р 1,2 IV;Речной регистр;;;;;;;;;;;;01.01.2010;;;12.68;12.68;8.82;8.82;155.65;0;0;0;0;;1.38;0;;;;;;;0;;;;0;;;;;;;0;;0;;;;0;0;;;;;
2577;5;;;Понтон-5;1270;Несамоходный понтон для перевозки стройматериалов;О2,0;Речной регистр;г.Туапсе;;;;;;;;;;;01.01.1978;;;23.84;23.5;14.34;14;921.91;0;450;450;576.3;;3.5;1.472;;;;;;;0;;;;0;;;;;;;0;;0;;;;1;3;;;;;
28580;37;;;Дебаркадер № 311;536;Плавучий причал;Р1,2 I;Речной регистр;"Завод ""Память Кирова"", г.Аркуль";;;;;;;;;;;01.01.1955;;;25.3;25;8.3;8;650.9;0;27;27;100.8;;2;1.44;;;;;;;2;;;;0;;;;;;;0;;0;;;;0;3;;;;;
28685;;;;Дебаркадер-109;536;Дебаркадер причальный на стальном корпусе, швартовка грузопассажирских судов;Р1,2 I;Речной регистр;завод им.Кирова, Аркуль;;;;;;;;;;;01.01.1956;;;25.3;25;8.3;8;650.9;0;27;0;100.8;;2;1.44;;;;;;;0;;;;0;;;;;;;0;;0;;;;0;3;;;;;
301103;;;;Карабин;КП1.0;Плавучее кафе-причал;М3,0 I;Речной регистр;Иркутск;;;;;;;;;;;01.01.2021;;;13.1;12.5;6.6;6.4;111.8;0;2.56;0;0;;0.75;0.494;;;;;;;2;;;;28;;;;;;;0;;0;;;;0;4;;;;;
301134;;;;Д-33;282;Плавучий причал для швартовки судов местных линий сообщений;О2,0 I;Речной регистр;г.Усолье-Сибирское;;;;;;;;;;;01.01.2022;;;20.41;18.8;6.41;6;209.4;0;0.9;0;29.32;;1.8;1.51;;;;;;;0;;;;12;;;;;;;0;;0;;;;0;3;;;;;
301137;;;;ПН-02;б/п;Несамоходный понтон для размещения технологического оборудования;О2,0;Речной регистр;г.Братск;;;;;;;;;;;01.01.2018;;;22.25;0;14.6;0;919.3;0;0;0;0;;2.6;0;;;;;;;0;;;;0;;;;;;;0;;0;;;;0;0;;;;;
301186;;;;Понтон НС18/6;НС18/6-90-1;Плавучий причал;М3,0 IV;Речной регистр;Иркутск;;;;;;;;;;;01.01.2018;;;18.5;14;6.5;5;105;0;2.5;0;0;;1.5;1.3;;;;;;;0;;;;12;;;;;;;0;;0;;;;0;0;;;;;
301191;;;;Байкальская Резиденция;А4.1-06АС-03-01;Плавучий причал для швартовки судов;М3,0 I;Речной регистр;г.Иркутск;;;;;;;;;;;01.01.2013;;;73.15;72.15;2.4;2.4;0.3;0;1.35;1.35;0;;0.79;0.46;;;;;;;0;;;;18;;;;;;;0;;0;;;;0;0;;;;;
301254;005;;;Д-5;ПБФ 3127.21;Металлический дебаркадер для швартовки судов длиной не более 30 м., посадки и высадки пассажиров;О2,0 I;Речной регистр;Усолье-Сибирское;;;;;;;;;;;01.01.2024;;;20.37;18;6.37;6;201.5;0;0.9;0.9;22.87;;1.8;1.574;;;;;;;0;;;;12;;;;;;;0;;0;;;;0;3;;;;;
301255;006;;;Д-6;ПБФ 3127.21;Металлический дебаркадер для швартовки судов длиной не более 30 м., посадки и высадки пассажиров;О2,0 I;Речной регистр;Усолье-Сибирское;;;;;;;;;;;01.01.2024;;;20.37;18;6.37;6;201.5;0;0.9;0.9;22.87;;1.8;1.574;;;;;;;0;;;;12;;;;;;;0;;0;;;;0;3;;;;;
301268;007;;;Д-7;ПБФ 3127.21;Металлический дебаркадер для швартовки судов длиной не более 30 м., посадки и высадки пассажиров;О2,0 I;Речной регистр;Усолье-Сибирское;;;;;;;;;;;01.01.2024;;;20.37;18;6.37;6;201.5;0;0.9;0.9;22.87;;1.8;1.574;;;;;;;0;;;;12;;;;;;;0;;0;;;;0;3;;;;;
301269;008;;;Д-8;ПБФ 3127.21;Металлический дебаркадер для швартовки судов длиной не более 30 м., посадки и высадки пассажиров;О2,0 I;Речной регистр;Усолье-Сибирское;;;;;;;;;;;01.01.2024;;;20.37;18;6.37;6;201.5;0;0.9;0.9;22.87;;1.8;1.574;;;;;;;0;;;;12;;;;;;;0;;0;;;;0;3;;;;;
301566;;;;ПОНТОН-ПЛАШКОУТ № 18;1270;Несамоходный понтон-плашкоут для перевозки палубного груза;М-СП3,5;Речной регистр;Туапсе;;;;;;;;;;;01.01.1986;;;23.64;23.5;14.34;14;529;56;450;450;586.3;;3.5;1.472;;;;;;;0;;;;0;;;;;;;0;;0;;;;1;3;;;;;
301583;1;;;Причал 1;14308;Стоечное судно, причал плавучий;Л0,6 IV;Речной регистр, Fleetphoto;"г.Воронеж ООО ""ВВВ яхты""";ООО «ВВВ Яхты»; Воронеж;;Воронеж  ;РКО (РРР до 2022); Эксплуатируется ;;;;;01.01.2014;;;24.2;24;7.52;7.2;186.8;0;4.5;0;40.51;;1;0.77;;;;;;;1;;;;60;;;;;;;0;;0;;;;0;5;;;;;
301894;17;;;ПОНТОН-ПЛАШКОУТ стр.№17;1270;Несамоходный понтон-плашкоут для перевозки палубного груза;М-СП3,5;Речной регистр;Туапсе;;;;;;;;;;;01.01.1986;;;23.64;23.5;14.34;14;529;56;450;450;586.3;;3.5;1.472;;;;;;;0;;;;0;;;;;;;0;;0;;;;1;3;;;;;
301955;26;;;ПОНТОН-ПЛАШКОУТ №26;1270;Несамоходный понтон-плашкоут для перевозки палубного груза;М-СП3,5;Речной регистр;Туапсе;;;;;;;;;;;01.01.1991;;;23.64;23.5;14.34;14;529.21;56;450;450;586.3;;3.5;1.472;;;;;;;0;;;;0;;;;;;;0;;0;;;;0;3;;;;;
301969;;;;"Плавучая причальная линия ""А""";ТП.466;Плавучий причал для швартовки и стоянки судов;О2,0 I;Речной регистр, Fleetphoto;Сочи;"Филиал ""1-я судостроительная верфь"" ОАО ""Центр судоремонта ""Звездочка"""; Сочи;;Сочи  ;РКО (РРР до 2022); Эксплуатируется ;;;;;01.01.2014;;;44.9;44.9;2.4;2.2;82.1;0;17.4;0;54.6;;0.85;0.29;;;;;;;0;;;;0;;;;;;;0;;0;;;;0;0;;;;;
301970;;;;"Плавучая причальная линия ""В""";ТП.466;Плавучий причал для швартовки и стоянки судов;О2,0 I;Речной регистр, Fleetphoto;Сочи;"Филиал ""1-я судостроительная верфь"" ОАО ""Центр судоремонта ""Звездочка"""; Сочи;;Сочи  ;РКО (РРР до 2022); Эксплуатируется ;;;;;01.01.2014;;;44.9;44.9;2.4;2.2;82.1;0;0;0;54.6;;0.85;0.29;;;;;;;0;;;;0;;;;;;;0;;0;;;;0;0;;;;;
301971;;;;"Плавучая причальная линия ""С""";ТП.466;Плавучий причал для швартовки и стоянки судов;О2,0 I;Речной регистр, Fleetphoto;Сочи;"Филиал ""1-я судостроительная верфь"" ОАО ""Центр судоремонта ""Звездочка"""; Сочи;;Сочи  ;РКО (РРР до 2022); Эксплуатируется ;;;;;01.01.2014;;;44.9;44.9;2.4;2.2;82.1;0;17.25;0;54.6;;2.18;0.29;;;;;;;0;;;;0;;;;;;;0;;0;;;;0;0;;;;;
301972;;;;"Плавучая причальная линия ""D""";ТП.466;Плавучий причал для швартовки и стоянки судов;О2,0 I;Речной регистр, Fleetphoto;Сочи;"Филиал ""1-я судостроительная верфь"" ОАО ""Центр судоремонта ""Звездочка"""; Сочи;;Сочи  ;РКО (РРР до 2022); Эксплуатируется ;;;;;01.01.2014;;;74.8;74.8;2.7;2.4;148.3;0;7.65;0;76.15;;0.85;0.42;;;;;;;0;;;;0;;;;;;;0;;0;;;;0;0;;;;;
302030;1;;;06-37/0043;0191;Плавучий объект, причальный понтон для самоходного парома;Р1,2 (лёд30) IV;Речной регистр, Fleetphoto;Красноярская судоверфь;ОАО «Красноярская судостроительная верфь»; Красноярск;;Красноярск  ;РКО (РРР до 2022); Эксплуатируется ;;;;;01.01.2015;;;13.67;13.4;11.14;11;73.2;0;10.7;10.7;58;;1.05;0.6;;;;;;;0;;;;0;;;;;;;0;;0;;;;1;2;;;;;
302031;2;;;06-37/0044;0191;Плавучий объект, причальный понтон для самоходного парома;Р1,2 (лёд30) IV;Речной регистр, Fleetphoto;Красноярская судоверфь;ОАО «Красноярская судостроительная верфь»; Красноярск;;Красноярск  ;РКО (РРР до 2022); Эксплуатируется ;;;;;01.01.2015;;;13.67;13.4;11.14;11;73.2;0;10.7;10.7;58;;1.05;0.6;;;;;;;0;;;;0;;;;;;;0;;0;;;;1;2;;;;;
302041;5;;;06-37/0065;2681;Плавучий объект, понтон-мостик;Р1,2 IV;Речной регистр, Fleetphoto;Ермолаевская РЭБ;Ермолаевская ремонтно-эксплуатационная база флота ЕРП МРФ РСФСР; Ермолаево;;Красноярск  ;РКО (РРР до 2022); Судьба не установлена ;;;;;01.01.1978;;;23.67;18;5.97;5.97;94.2;0;0;0;0;;1.6;1.1;;;;;;;0;;;;0;;;;;;;0;;0;;;;0;0;;;;;
302042;16;;;06-37/0064;2681А;Плавучий объект, причал -понтон;Р1,2 IV;Речной регистр, Fleetphoto;г.Ермолаево;Ермолаевская ремонтно-эксплуатационная база флота ЕРП МРФ РСФСР; Ермолаево;;Красноярск  ;РКО (РРР до 2022); Судьба не установлена ;;;;;01.01.1980;;;14.7;8.8;5.98;5.98;47.1;0;1.5;0;20.4;;1.4;0.85;;;;;;;0;;;;0;;;;;;;0;;0;;;;0;6;;;;;
302043;20;;;06-37/0062;2681;Плавучий объект, причал -понтон;Р1,2 IV;Речной регистр, Fleetphoto;Ермолаевская РЭБ;Ермолаевская ремонтно-эксплуатационная база флота ЕРП МРФ РСФСР; Ермолаево;;Красноярск  ;РКО (РРР до 2022); Судьба не установлена ;;;;;01.01.1986;;;14.7;8.15;5.97;5.97;94.2;0;1.5;0;16.6;;0.96;0.85;;;;;;;0;;;;0;;;;;;;0;;0;;;;0;0;;;;;
302044;025;;;06-37/0060;2681А;Плавучий объект, причал-понтон;Р1,2 IV;Речной регистр, Fleetphoto;Ермолаевское РЭБ флота;Ермолаевская ремонтно-эксплуатационная база флота ЕРП МРФ РСФСР; Ермолаево;;Красноярск  ;РКО (РРР до 2022); Судьба не установлена ;;;;;01.01.1990;;;14.7;8.8;5.98;5.98;47.1;0;1.5;0;20.4;;1.4;0.85;;;;;;;0;;;;0;;;;;;;0;;0;;;;0;6;;;;;
302045;024;;;06-37/0063;2681А;Плавучий объект, понтон-мостик;Р1,2 IV;Речной регистр, Fleetphoto;г.Ермолаево;Ермолаевская ремонтно-эксплуатационная база флота ЕРП МРФ РСФСР; Ермолаево;;Красноярск  ;РКО (РРР до 2022); Судьба не установлена ;;;;;01.01.1990;;;23.6;17.9;5.98;5.98;93.4;0;1.5;0;40.8;;1.4;0.85;;;;;;;0;;;;0;;;;;;;0;;0;;;;0;12;;;;;
302046;021;;;06-37/0059;2681А;Плавучий объект, причал -понтон;Р1,2 IV;Речной регистр, Fleetphoto;п.Ермолаево;Ермолаевская ремонтно-эксплуатационная база флота ЕРП МРФ РСФСР; Ермолаево;;Красноярск  ;РКО (РРР до 2022); Судьба не установлена ;;;;;01.01.1987;;;14.7;8.8;5.98;5.98;47.1;0;1.5;0;0;;1.4;1.1;;;;;;;0;;;;0;;;;;;;0;;0;;;;0;0;;;;;
302047;1;;;06-37/0057;2681;Плавучий объект, причал -понтон;Р1,2 IV;Речной регистр, Fleetphoto;Ермолаевая РЭБ;Ермолаевская ремонтно-эксплуатационная база флота ЕРП МРФ РСФСР; Ермолаево;;Красноярск  ;РКО (РРР до 2022); Судьба не установлена ;;;;;01.01.1977;;;23.7;17.01;5.97;5.97;93.4;0;1.5;0;40.3;;1.6;0.96;;;;;;;0;;;;0;;;;;;;0;;0;;;;0;12;;;;;
302048;007;;;06-37/0058;2681;Плавучий объект, причал-понтон;Р1,2 IV;Речной регистр, Fleetphoto;п.Ермолаево;Ермолаевская ремонтно-эксплуатационная база флота ЕРП МРФ РСФСР; Ермолаево;;Красноярск  ;РКО (РРР до 2022); Судьба не установлена ;;;;;01.01.1978;;;14.7;8.15;5.97;5.97;47.1;0;1.5;0;20.15;;1.6;0.96;;;;;;;0;;;;0;;;;;;;0;;0;;;;0;6;;;;;
302049;009;;;06-37/0061;2681А;Плавучий объект, причал-понтон;Р1,2 IV;Речной регистр, Fleetphoto;п.Ермолаево;Ермолаевская ремонтно-эксплуатационная база флота ЕРП МРФ РСФСР; Ермолаево;;Красноярск  ;РКО (РРР до 2022); Судьба не установлена ;;;;;01.01.1978;;;14.7;8.8;5.98;5.98;47.1;0;1.5;0;20.4;;1.4;0.85;;;;;;;0;;;;0;;;;;;;0;;0;;;;0;0;;;;;
302077;1;;;Северная гавань;№7613;Несамоходный, плавучий объект, плавучий причал с надстройкой на главной палубе, предназначеный для п;О2,0 I;Речной регистр;Дудинка;;;;;;;;;;;01.01.2014;;;22.2;21;6.3;6;333.9;0;0;40;76.5;;1.2;0;;;;;;;2;;;;0;;;;;;;0;;0;;;;0;2;;;;;
302078;61;;;стр. №61;ТП240.19/817;Плавучий объект, наплавной мост;Р1,2 III;Fleetphoto, Речной регистр;Череповец;Череповецкий судостроительно-судоремонтный завод; Череповец;;Красноярск  ;РКО (РРР до 2022); Эксплуатируется ;;;;;02.03.1974;;;386;0;6.2;0;3014;0;0;60;0;;1.5;0.63;;;;;;;0;;;;0;;;;;;;0;;0;;;;0;0;;;;;
302091;;;;16-93 КЧ;282Б;Причальный понтон на базе пассажирского дебаркадера;Р1,2 I;Речной регистр;г. Красноярск;;;;;;;;;;;01.01.2003;;;25.3;24.41;6;6;359.7;0;0;0;44;;1.8;1.5;;;;;;;0;;;;12;;;;;;;0;;0;;;;0;3;;;;;
302107;;;;06-37/0053;259;Плавучий причал для маломерных судов;Р1,2 IV;Речной регистр;г.Красноярск;;;;;;;;;;;01.01.2020;;;26.5;25.8;14.8;13.9;251;0;1.5;0;13.7;;0.7;0.7;;;;;;;0;;;;20;;;;;;;0;;0;;;;0;0;;;;;
302142;1;;;06-37/0073;263;Плавучий объект понтонного типа, обеспечение отдыха посетителей;Р1,2 I;Речной регистр;Красноярск;;;;;;;;;;;01.01.2024;;;27.13;24.7;14;14.13;1151;0;0;0;150;;1.35;0.784;;;;;;;0;;;;12;;;;;;;0;;0;;;;0;4;;;;;
302610;;;;Н/М ЯМА №1;ПБФ 2797.20/Р92А;Несамоходное, наплавной мост, обеспечение движения технологического транспорта через протоку Яма;Р1,2 III;Речной регистр;г.Стрежевой;;;;;;;;;;;01.01.2020;;;107.5;95;12.16;12;1956.1;0;0;0;0;;1.8;1.45;;;;;;;0;;;;0;;;;;;;0;;0;;;;0;0;;;;;
302668;1;;;ПМ-2;РЕГК.124;Понтон, секция наплавного моста;Р1,2 IV;Речной регистр;п. Самусь;;;;;;;;;;;01.01.2021;;;66.33;63.86;12.7;12;1518.6;0;60;60;457.55;;2;1.39;;;;;;;0;;;;0;;;;;;;0;;0;;;;5;4;;;;;
302669;1;;;ПМ-1;РЕГК.124;Понтон, секция наплавного моста;Р1,2 IV;Речной регистр;п. Самусь;;;;;;;;;;;01.01.2021;;;42.3;32.78;12.17;12;768.6;0;60;60;280;;2;1.24;;;;;;;0;;;;0;;;;;;;0;;0;;;;5;4;;;;;
302670;2;;;ПМ-3;РЕГК.124;Понтон, секция наплавного моста;Р1,2 IV;Речной регистр;п. Самусь;;;;;;;;;;;01.01.2021;;;42.3;32.78;12.17;12;768.6;0;60;60;280;;2;1.24;;;;;;;0;;;;0;;;;;;;0;;0;;;;5;4;;;;;
302703;1;;;ПМ-4;РЕГК.128;Понтон, секция наплавного моста;Р1,2 IV;Речной регистр;п.Самусь, Самусьский ССРЗ;;;;;;;;;;;01.01.2022;;;67.7;57.37;12.05;12;1363.8;0;60;60;422;;2;1.37;;;;;;;0;;;;0;;;;;;;0;;0;;;;1;4;;;;;
302704;2;;;ПМ-5;РЕГК.128;Понтон, секция наплавного моста;Р1,2 IV;Речной регистр;п.Самусь, Самусьский ССРЗ;;;;;;;;;;;01.01.2022;;;67.7;57.37;12.05;12;1363.8;0;60;60;422;;2;1.37;;;;;;;0;;;;0;;;;;;;0;;0;;;;1;4;;;;;
302716;;;;Плавучий причал в с. Иогач, Набережная 29;653.2;Плавучий причал для швартовки маломерных судов и плавсредств, а также для посадки-высадки пассажиров;Р1,2 I;Речной регистр;"с. Иогач, ООО ""Бийский речной порт""";;;;;;;;;;;01.01.2022;;;15.75;14.31;12.21;12;77.5;0;0;0;11.45;;1.04;0.584;;;;;;;0;;;;12;;;;;;;0;;0;;;;0;4;;;;;
302722;;;;НЖМ-56;РЕГК.06735/НЖМ-56;Пешеходный наплавной мост;Р1,2 III;Речной регистр;Красноярск, ССЗ;;;;;;;;;;;01.01.1988;;;117.6;117.6;2.6;2.6;367.9;0;9.8;9.8;0;;1.2;1;;;;;;;0;;;;0;;;;;;;0;;0;;;;0;0;;;;;
303568;3;;;ДМ-055;3357.21/ПП1;Плавучий причал. Посадка-высадка пассажиров.;Р1,2 I;Речной регистр, Fleetphoto;бнп Давыдово;(Rus); (Россия);;Алексеевск  ;РКО (РРР до 2022); Эксплуатируется ;;;;;01.01.2021;;;28.28;27.92;6.36;6;226.4;0;1.2;0;41.48;;1.5;1.12;;;;;;;0;;;;0;;;;;;;0;;0;;;;0;4;;;;;
303570;1;;;ПП-005;3357.21/ПП2;Плавучий причал. Посадка-высадка пассажиров.;Р1,2 I;Речной регистр;бнп Давыдово;;;;;;;;;;;01.01.2021;;;14;14;2.8;2.95;39.6;0;1.2;0;7.5;;1;0.78;;;;;;;0;;;;0;;;;;;;0;;0;;;;0;2;;;;;
303571;;;;ПП-050;3357.21/ПП2;Плавучий причал. Посадка-высадка пассажиров.;Р1,2 I;Речной регистр, Fleetphoto;бнп Давыдово;(Rus); (Россия);;(Россия)  ;РКО (РРР до 2022); Эксплуатируется ;;;;;01.01.2021;;;14;14;2.8;2.95;39.6;0;1.2;0;7.5;;1;0.78;;;;;;;0;;;;0;;;;;;;0;;0;;;;0;2;;;;;
303575;1;;;ДМ-555;ПБФ 3357.21/ПП4-5;Плавучий причал. Посадка-высадка пассажиров.;Р1,2 I;Речной регистр;бнп Давыдово-1, Иркутская обл.;;;;;;;;;;;01.01.2021;;;28.85;28.6;12.1;11.8;883;0;1.2;0;78.2;;2.4;2.13;;;;;;;0;;;;0;;;;;;;0;;0;;;;2;2;;;;;
304205;00001;;;понтон 12 м, стр.№00001;19.ПППМС22-90-00;Плавучий объект, понтон;Р1,2IV;Речной регистр;Москва;;;;;;;;;;;01.01.2024;;;12;11.64;2.4;2.4;16;0;0.8;0;17.3;;1.2;0.61;;;;;;;0;;;;0;;;;;;;0;;0;;;;0;3;;;;;
304206;00002;;;понтон 12 м, стр.№00002;19.ПППМС22-90-00;Плавучий объект, понтон;Р1,2IV;Речной регистр;Москва;;;;;;;;;;;01.01.2024;;;12;11.64;2.4;2.4;16;0;0.8;0;17.3;;1.2;0.61;;;;;;;0;;;;0;;;;;;;0;;0;;;;0;0;;;;;
304207;00003;;;понтон 12 м, стр.№00003;19.ПППМС22-90-00;Плавучий объект, понтон;Р1,2IV;Речной регистр;Москва;;;;;;;;;;;01.01.2024;;;12;11.64;2.4;2.4;16;0;0.8;0;17.3;;1.2;0.61;;;;;;;0;;;;0;;;;;;;0;;0;;;;0;3;;;;;
304208;00004;;;понтон 12 м, стр.№00004;19.ПППМС22-90-00;Плавучий объект, понтон;Р1,2IV;Речной регистр;Москва;;;;;;;;;;;01.01.2024;;;12;11.64;2.4;2.4;16;0;0.8;0;17.3;;1.2;0.61;;;;;;;0;;;;0;;;;;;;0;;0;;;;0;3;;;;;
304209;00005;;;понтон 12 м, стр.№00005;19.ПППМС22-90-00;Плавучий объект, понтон;Р1,2IV;Речной регистр;Москва;;;;;;;;;;;01.01.2024;;;12;11.64;2.4;2.4;16;0;0.8;0;17.3;;1.2;0.61;;;;;;;0;;;;0;;;;;;;0;;0;;;;0;3;;;;;
304210;00006;;;понтон 12 м, стр.№00006;19.ПППМС22-90-00;Плавучий объект, понтон;Р1,2IV;Речной регистр;Москва;;;;;;;;;;;01.01.2024;;;12;11.64;2.4;2.4;16;0;0.8;0;17.3;;1.2;0.61;;;;;;;0;;;;0;;;;;;;0;;0;;;;0;3;;;;;
304211;00007;;;понтон 12 м, стр.№00007;19.ПППМС22-90-00;Плавучий объект, понтон;Р1,2IV;Речной регистр;Москва;;;;;;;;;;;01.01.2024;;;12;11.64;2.4;2.4;16;0;0.8;0;17.3;;1.2;0.61;;;;;;;0;;;;0;;;;;;;0;;0;;;;0;3;;;;;
304212;00008;;;понтон 12 м, стр.№00008;19.ПППМС22-90-00;Плавучий объект, понтон;Р1,2IV;Речной регистр;Москва;;;;;;;;;;;01.01.2024;;;12;11.64;2.4;2.4;16;0;0.8;0;17.3;;1.2;0.61;;;;;;;0;;;;0;;;;;;;0;;0;;;;0;3;;;;;
304213;00009;;;понтон 12 м, стр.№00009;19.ПППМС22-90-00;Плавучий объект, понтон;Р1,2IV;Речной регистр;Москва;;;;;;;;;;;01.01.2024;;;12;11.64;2.4;2.4;16;0;0.8;0;17.3;;1.2;0.61;;;;;;;0;;;;0;;;;;;;0;;0;;;;0;3;;;;;
304214;00010;;;понтон 12 м, стр.№00010;19.ПППМС22-90-00;Плавучий объект, понтон;Р1,2IV;Речной регистр;Москва;;;;;;;;;;;01.01.2024;;;12;11.64;2.4;2.4;16;0;0.8;0;17.3;;1.2;0.61;;;;;;;0;;;;0;;;;;;;0;;0;;;;0;3;;;;;
304215;00011;;;понтон 12 м, стр.№00011;19.ПППМС22-90-00;Плавучий объект, понтон;Р1,2IV;Речной регистр;Москва;;;;;;;;;;;01.01.2024;;;12;11.64;2.4;2.4;16;0;0.8;0;17.3;;1.2;0.61;;;;;;;0;;;;0;;;;;;;0;;0;;;;0;3;;;;;
304217;501012;;;501012;ТФРП.501;Плавучий объект, плавучий причал;Р1,2 I;Речной регистр, Fleetphoto;г. Москва;ООО «Пермская судоверфь»; Пермь;;Москва  ;РКО (РРР до 2022); Эксплуатируется ;01.01.2023;;;01.10.2023;01.01.2024;;;16.15;9.73;13;9.73;475.85;0;20.12;0;88.14;;2.3;1.035;;;;;;;1;;;;42;;;;;;;0;;0;;;;2;2;;;;;
304218;501013;;;501013;ТФРП.501;Плавучий объект, плавучий причал;Р1,2 I;Речной регистр, Fleetphoto;г. Москва;ООО «Пермская судоверфь»; Пермь;;Москва  ;РКО (РРР до 2022); Эксплуатируется ;01.01.2023;;;01.10.2023;01.01.2024;;;16.15;9.73;13;9.73;475.85;0;20.12;0;88.14;;2.3;1.035;;;;;;;1;;;;42;;;;;;;0;;0;;;;2;2;;;;;
304219;502007;;;502007;ТФРП.502;Плавучий объект, плавучий причал;Р1,2 I;Речной регистр, Fleetphoto;г. Москва;ООО «Пермская судоверфь»; Пермь;;Москва  ;РКО (РРР до 2022); Эксплуатируется ;;;;01.07.2023;01.01.2024;;;20.29;14.54;17.49;14.54;698.97;0;14.88;0;115;;2.4;0.946;;;;;;;1;;;;80;;;;;;;0;;0;;;;4;0;;;;;
304221;502010;;;502010;ТФРП.502;Плавучий объект, плавучий причал;Р1,2 I;Речной регистр, Fleetphoto;г. Москва;ООО «Пермская судоверфь»; Пермь;;Москва  ;РКО (РРР до 2022); Эксплуатируется ;01.01.2023;;;01.10.2023;01.01.2024;;;20.29;14.54;17.49;14.54;698.97;0;14.88;0;115;;2.4;0.946;;;;;;;1;;;;80;;;;;;;0;;0;;;;0;4;;;;;
304224;;;;Б4;б/н;Дебаркадер. Плавучий причал;Р1,2 IV;Речной регистр;г. Тверь;;;;;;;;;;;01.01.2012;;;36.9;36.9;25.4;25.4;121.7;0;0;0;0;;0.86;0.53;;;;;;;0;;;;12;;;;;;;0;;0;;;;0;0;;;;;
304225;;;;Б5;б/н;Дебаркадер. Плавучий причал;Р1,2 IV;Речной регистр;г. Тверь;;;;;;;;;;;01.01.2012;;;48.4;48.4;25.4;25.4;147.2;0;0;0;0;;0.86;0.53;;;;;;;0;;;;12;;;;;;;0;;0;;;;0;0;;;;;
304230;;;;Причал-понтон;SW /11-563;Плавучий объект, причал катамаранного типа для швартовки судов и посадки-высадки пассажиров;Р1,2IV;Речной регистр;г. Кимры;;;;;;;;;;;01.01.2003;;;15.56;13.8;5.22;1.7;69;0;5;5;22.69;;1.52;0.772;;;;;;;0;;;;0;;;;;;;0;;0;;;;0;0;;;;;
304234;00015;;;понтон 12 м, стр.№00015;19.ПППМС22-90-00;Плавучий объект, понтон;Р1,2IV;Речной регистр;Москва;;;;;;;;;;;01.01.2024;;;12;11.64;2.4;2.4;16;0;0.8;0;17.3;;1.2;0.61;;;;;;;0;;;;0;;;;;;;0;;0;;;;0;3;;;;;
304235;00016;;;понтон 12 м, стр.№00016;19.ПППМС22-90-00;Плавучий объект, понтон;Р1,2IV;Речной регистр;Москва;;;;;;;;;;;01.01.2024;;;12;11.64;2.4;2.4;16;0;0.8;0;17.3;;1.2;0.61;;;;;;;0;;;;0;;;;;;;0;;0;;;;0;3;;;;;
304236;00017;;;понтон 12 м, стр.№00017;19.ПППМС22-90-00;Плавучий объект, понтон;Р1,2IV;Речной регистр;Москва;;;;;;;;;;;01.01.2024;;;12;11.64;2.4;2.4;16;0;0.8;0;17.3;;1.2;0.61;;;;;;;0;;;;0;;;;;;;0;;0;;;;0;3;;;;;
304237;00018;;;понтон 12 м, стр.№00018;19.ПППМС22-90-00;Плавучий объект, понтон;Р1,2IV;Речной регистр;Москва;;;;;;;;;;;01.01.2024;;;12;11.64;2.4;2.4;16;0;0.8;0;17.3;;1.2;0.61;;;;;;;0;;;;0;;;;;;;0;;0;;;;0;3;;;;;
304253;1;;;Причал 1;ПР02;Дебаркадер. Плавучий причал;Р1,2 I;Речной регистр;Ярославская область, Тутаев;;;;;;;;;;;01.01.2024;;;20.36;20;20.77;20.5;323.5;0;28.75;28.75;49.96;;1.2;0.64;;;;;;;0;;;;50;;;;;;;0;;0;;;;0;0;;;;;
304254;2;;;Причал 2;ПР02;Дебаркадер. Плавучий причал;Р1,2 I;Речной регистр;Ярославская область, Тутаев;;;;;;;;;;;01.01.2024;;;20.36;20;20.77;20.5;323.5;0;28.75;28.75;49.96;;1.2;0.64;;;;;;;0;;;;50;;;;;;;0;;0;;;;0;0;;;;;
304255;1;;;ПП65-01;ПР05;Дебаркадер. Плавучий причал;Р1,2 I;Речной регистр;Ярославская область, Тутаев;;;;;;;;;;;01.01.2024;;;65.5;65.5;2.92;2.5;159;0;4.8;0;21;;0.8;0.65;;;;;;;0;;;;0;;;;;;;0;;0;;;;0;0;;;;;
304258;00019;;;понтон 12 м, стр.№00019;19.ПППМС22-90-00;Плавучий объект, установленный у берега, понтон причальный для швартовки маломерных судов;О2,0 IV;Речной регистр;Москва;;;;;;;;;;;01.01.2024;;;12;11.64;2.4;2.4;16;0;0.8;0;17.3;;1.2;0.61;;;;;;;0;;;;0;;;;;;;0;;0;;;;0;3;;;;;
304259;00020;;;понтон 12 м, стр.№00020;19.ПППМС22-90-00;Плавучий объект, установленный у берега, понтон причальный длоя швартовки маломерных судов;О2,0 IV;Речной регистр;Москва;;;;;;;;;;;01.01.2024;;;12;11.64;2.4;2.4;16;0;0.8;0;17.3;;1.2;0.61;;;;;;;0;;;;0;;;;;;;0;;0;;;;0;3;;;;;
304260;00021;;;понтон 12 м, стр.№00021;19.ПППМС22-90-00;Плавучий объект, установвленный у берега, понтон причальный для швартовки маломерных судов;О2,0 IV;Речной регистр;Москва;;;;;;;;;;;01.01.2024;;;12;11.64;2.4;2.4;16;0;0.8;0;17.3;;1.2;0.61;;;;;;;0;;;;0;;;;;;;0;;0;;;;0;3;;;;;
304261;00022;;;понтон 12 м, стр.№00022;19.ПППМС22-90-00;Плавучий объект, установленный у берега, понтон причальный для швартовки маломерных судов;О2,0 IV;Речной регистр;Москва;;;;;;;;;;;01.01.2024;;;12;11.64;2.4;2.4;16;0;0.8;0;17.3;;1.2;0.61;;;;;;;0;;;;0;;;;;;;0;;0;;;;0;3;;;;;
304262;00023;;;понтон 12 м, стр.№00023;19.ПППМС22-90-00;Плавучий объект, установленный у берега, понтон причальный для швартовки маломерных судов;О2,0 IV;Речной регистр;Москва;;;;;;;;;;;01.01.2024;;;12;11.64;2.4;2.4;16;0;0.8;0;17.3;;1.2;0.61;;;;;;;0;;;;0;;;;;;;0;;0;;;;0;3;;;;;
304263;2;;;ПП65-02;ПР05;Дебаркадер. Плавучий причал;Р1,2 I;Речной регистр;Ярославская область, Тутаев;;;;;;;;;;;01.01.2024;;;65.5;65.5;2.92;2.5;159;0;4.8;0;21;;0.8;0.65;;;;;;;0;;;;0;;;;;;;0;;0;;;;0;0;;;;;
304264;1;;;ПП40-01;ПР04;Дебаркадер. Плавучий причал;Р1,2 I;Речной регистр;Ярославская область, Тутаев;;;;;;;;;;;01.01.2024;;;40.4;40;5.3;4;112;0;4.8;28.75;21.81;;0.8;0.57;;;;;;;0;;;;40;;;;;;;0;;0;;;;0;0;;;;;
304265;2;;;ПП40-02;ПР04;Дебаркадер. Плавучий причал;Р1,2 I;Речной регистр;Ярославская область, Тутаев;;;;;;;;;;;01.01.2024;;;40.4;40;5.3;4;112;0;4.8;28.75;21.81;;0.8;0.57;;;;;;;0;;;;40;;;;;;;0;;0;;;;0;0;;;;;
304266;1;;;ПП140-01;ПР03;Дебаркадер. Плавучий причал;Р1,2 I;Речной регистр;Ярославская область, Тутаев;;;;;;;;;;;01.01.2024;;;140.7;140.5;5.3;4;787.8;0;12;0;108.3;;1.6;1.34;;;;;;;0;;;;0;;;;;;;0;;0;;;;0;0;;;;;
304267;2;;;ПП140-02;ПР03;Дебаркадер. Плавучий причал;Р1,2 I;Речной регистр;Ярославская область, Тутаев;;;;;;;;;;;01.01.2024;;;140.7;140.5;5.3;4;787.8;0;12;0;108.3;;1.6;1.34;;;;;;;0;;;;0;;;;;;;0;;0;;;;0;0;;;;;
304268;00024;;;понтон 12 м, стр.№00024;19.ПППМС22-90-00;Плавучий объект, устанрвленный у берега, понтон причальный для швартовки маломерных судов;О2,0 IV;Речной регистр;Москва;;;;;;;;;;;01.01.2024;;;12;11.64;2.4;2.4;16;0;0.8;0;17.3;;1.2;0.61;;;;;;;0;;;;0;;;;;;;0;;0;;;;0;3;;;;;
304269;00025;;;понтон 12 м, стр.№00025;19.ПППМС22-90-00;Плавучий объект, установленный у берега, понтон причальный для швартовки маломерных судов;О2,0 IV;Речной регистр;Москва;;;;;;;;;;;01.01.2024;;;12;11.64;2.4;2.4;16;0;0.8;0;17.3;;1.2;0.61;;;;;;;0;;;;0;;;;;;;0;;0;;;;0;3;;;;;
304270;00026;;;понтон 12 м, стр.№00026;19.ПППМС22-90-00;Плавучий объект, установленный у берега, понтон причальный для швартовки маломерных судов;О2,0 IV;Речной регистр;Москва;;;;;;;;;;;01.01.2024;;;12;11.64;2.4;2.4;16;0;0.8;0;17.3;;1.2;0.61;;;;;;;0;;;;0;;;;;;;0;;0;;;;0;3;;;;;
304271;00027;;;понтон 12 м, стр.№00027;19.ПППМС22-90-00;Плавучий объект, установленный у берега, понтон причальный для швартовки маломерных судов;О2,0 IV;Речной регистр;Москва;;;;;;;;;;;01.01.2024;;;12;11.64;2.4;2.4;16;0;0.8;0;17.3;;1.2;0.61;;;;;;;0;;;;0;;;;;;;0;;0;;;;0;3;;;;;
304272;00028;;;понтон 12 м, стр.№00028;19.ПППМС22-90-00;Плавучий объект, установленный у берега, понтон причальный для швартовки маломерных судов;О2,0 IV;Речной регистр;Москва;;;;;;;;;;;01.01.2024;;;12;11.64;2.4;2.4;16;0;0.8;0;17.3;;1.2;0.61;;;;;;;0;;;;0;;;;;;;0;;0;;;;0;3;;;;;
304276;00032;;;понтон 12 м, стр.№00032;19.ПППМС22-90-00;Плавучий объект, понтон;Р1,2IV;Речной регистр;Москва;;;;;;;;;;;01.01.2024;;;12;11.64;2.4;2.4;16;0;0.8;0;17.3;;1.2;0.61;;;;;;;0;;;;0;;;;;;;0;;0;;;;0;3;;;;;
304277;00033;;;понтон 12 м, стр.№00033;19.ПППМС22-90-00;Плавучий объект, понтон;Р1,2IV;Речной регистр;Москва;;;;;;;;;;;01.01.2024;;;12;11.64;2.4;2.4;16;0;0.8;0;17.3;;1.2;0.61;;;;;;;0;;;;0;;;;;;;0;;0;;;;0;3;;;;;
304278;00034;;;понтон 12 м, стр.№00034;19.ПППМС22-90-00;Плавучий объект, понтон;Р1,2IV;Речной регистр;Москва;;;;;;;;;;;01.01.2024;;;12;11.64;2.4;2.4;16;0;0.8;0;17.3;;1.2;0.61;;;;;;;0;;;;0;;;;;;;0;;0;;;;0;3;;;;;
304279;00035;;;понтон 12 м, стр.№00035;19.ПППМС22-90-00;Плавучий объект, понтон;Р1,2IV;Речной регистр;Москва;;;;;;;;;;;01.01.2024;;;12;11.64;2.4;2.4;16;0;0.8;0;17.3;;1.2;0.61;;;;;;;0;;;;0;;;;;;;0;;0;;;;0;3;;;;;
304280;00036;;;понтон 12 м, стр.№00036;19.ПППМС22-90-00;Плавучий объект, понтон;Р1,2IV;Речной регистр;Москва;;;;;;;;;;;01.01.2024;;;12;11.64;2.4;2.4;16;0;0.8;0;17.3;;1.2;0.61;;;;;;;0;;;;0;;;;;;;0;;0;;;;0;3;;;;;
304296;00037;;;понтон 12 м, стр.№00037;19.ПППМС22-90-00;Плавучий объект, понтон;Р1,2IV;Речной регистр;Москва;;;;;;;;;;;01.01.2024;;;12;11.64;2.4;2.4;16;0;0.8;0;17.3;;1.2;0.61;;;;;;;0;;;;0;;;;;;;0;;0;;;;0;3;;;;;
304297;00044;;;понтон 12 м, стр.№00044;19.ПППМС22-90-00;Плавучий объект, понтон;Р1,2IV;Речной регистр;Москва;;;;;;;;;;;01.01.2024;;;12;11.64;2.4;2.4;16;0;0.8;0;17.3;;1.2;0.61;;;;;;;0;;;;0;;;;;;;0;;0;;;;0;3;;;;;
304298;00045;;;понтон 12 м, стр.№00045;19.ПППМС22-90-00;Плавучий объект, понтон;Р1,2IV;Речной регистр;Москва;;;;;;;;;;;01.01.2024;;;12;11.64;2.4;2.4;16;0;0.8;0;17.3;;1.2;0.61;;;;;;;0;;;;0;;;;;;;0;;0;;;;0;3;;;;;
304299;00046;;;понтон 12 м, стр.№00046;19.ПППМС22-90-00;Плавучий объект, понтон;Р1,2IV;Речной регистр;Москва;;;;;;;;;;;01.01.2024;;;12;11.64;2.4;2.4;16;0;0.8;0;17.3;;1.2;0.61;;;;;;;0;;;;0;;;;;;;0;;0;;;;0;3;;;;;
304300;00047;;;понтон 12 м, стр.№00047;19.ПППМС22-90-00;Плавучий объект, понтон;Р1,2IV;Речной регистр;Москва;;;;;;;;;;;01.01.2024;;;12;11.64;2.4;2.4;16;0;0.8;0;17.3;;1.2;0.61;;;;;;;0;;;;0;;;;;;;0;;0;;;;0;3;;;;;
304301;00048;;;понтон 12 м, стр.№00048;19.ПППМС22-90-00;Плавучий объект, понтон;Р1,2IV;Речной регистр;Москва;;;;;;;;;;;01.01.2024;;;12;11.64;2.4;2.4;16;0;0.8;0;17.3;;1.2;0.61;;;;;;;0;;;;0;;;;;;;0;;0;;;;0;3;;;;;
304302;00049;;;понтон 12 м, стр.№00049;19.ПППМС22-90-00;Плавучий объект, понтон;Р1,2IV;Речной регистр;Москва;;;;;;;;;;;01.01.2024;;;12;11.64;2.4;2.4;16;0;0.8;0;17.3;;1.2;0.61;;;;;;;0;;;;0;;;;;;;0;;0;;;;0;3;;;;;
305001;9;;;Остров-2;Причальный понтон;Плавучий объект (причал);Р 1,2 IV;Речной регистр, Fleetphoto;Выборг;Выборгский судостроительный завод; Выборг;;Омск  ;РКО (РРР до 2022); Эксплуатируется ;;;;;01.01.2013;;;19.5;18;5;4.8;2.8;0;6.5;6.5;16.5;;0.95;0.5;;;;;;;0;;;;12;;;;;;;0;;0;;;;0;0;;;;;
305002;8;;;Остров-3;РЕГК.111025/Остров100;Плавучий объект (причал);Р 1,2 IV;Речной регистр, Fleetphoto;Выборг;Выборгский судостроительный завод; Выборг;;Омск  ;РКО (РРР до 2022); Эксплуатируется ;;;;;01.01.2013;;;19.5;18;5;4.8;2.8;0;6.5;6.5;16.5;;0.95;0.5;;;;;;;0;;;;12;;;;;;;0;;0;;;;0;0;;;;;
305003;7;;;Остров-4;РЕГК.111025/Остров100;Плавучий объект (причал);Р 1,2 IV;Речной регистр, Fleetphoto;Выборг;Выборгский судостроительный завод; Выборг;;Омск  ;РКО (РРР до 2022); Эксплуатируется ;;;;;01.01.2013;;;19.5;18;5;4.8;2.8;0;6.5;6.5;16.5;;0.95;0.5;;;;;;;0;;;;12;;;;;;;0;;0;;;;0;0;;;;;
305004;6;;;Остров-5;РЕГК.111025/Остров100;Плавучий объект (причал);Р 1,2 IV;Речной регистр, Fleetphoto;Выборг;Выборгский судостроительный завод; Выборг;;Омск  ;РКО (РРР до 2022); Эксплуатируется ;;;;;01.01.2013;;;19.5;18;5;4.8;2.8;0;6.5;6.5;16.5;;0.95;0.5;;;;;;;0;;;;12;;;;;;;0;;0;;;;0;0;;;;;
305005;10;;;Остров-6;РЕГК.111025/Остров100;Плавучий объект (причал);Р 1,2 IV;Речной регистр, Fleetphoto;Выборг;Выборгский судостроительный завод; Выборг;;Омск  ;РКО (РРР до 2022); Эксплуатируется ;;;;;01.01.2013;;;19.5;18;5;4.8;2.8;0;6.5;6.5;16.5;;0.95;0.5;;;;;;;0;;;;12;;;;;;;0;;0;;;;0;0;;;;;
305006;4;;;Остров-7;РЕГК.111025/Остров100;Плавучий объект (причал);Р 1,2 IV;Речной регистр, Fleetphoto;Выборг;Выборгский судостроительный завод; Выборг;;Омск  ;РКО (РРР до 2022); Эксплуатируется ;;;;;01.01.2013;;;19.5;18;5;4.8;2.8;0;6.5;6.5;16.5;;0.95;0.5;;;;;;;0;;;;12;;;;;;;0;;0;;;;0;0;;;;;
305007;3;;;Остров-8;РЕГК.111025/Остров100;Плавучий объект (причал);Р 1,2 IV;Речной регистр, Fleetphoto;Выборг;Выборгский судостроительный завод; Выборг;;Омск  ;РКО (РРР до 2022); Эксплуатируется ;;;;;01.01.2013;;;19.5;18;5;4.8;2.8;0;6.5;6.5;16.5;;0.95;0.5;;;;;;;0;;;;12;;;;;;;0;;0;;;;0;0;;;;;
305008;2;;;Остров-9;РЕГК.111025/Остров100;Плавучий объект (причал);Р 1,2 IV;Речной регистр, Fleetphoto;Выборг;Выборгский судостроительный завод; Выборг;;Омск  ;РКО (РРР до 2022); Эксплуатируется ;;;;;01.01.2013;;;19.5;18;5;4.8;2.8;0;6.5;6.5;16.5;;0.95;0.5;;;;;;;0;;;;12;;;;;;;0;;0;;;;0;0;;;;;
305009;1;;;Остров-10;РЕГК.111025/Остров100;Плавучий объект (причал);Р 1,2 IV;Речной регистр, Fleetphoto;Выборг;Выборгский судостроительный завод; Выборг;;Омск  ;РКО (РРР до 2022); Эксплуатируется ;;;;;01.01.2013;;;19.5;18;5;4.8;2.8;0;6.5;6.5;16.5;;0.95;0.5;;;;;;;0;;;;12;;;;;;;0;;0;;;;0;0;;;;;
305013;01;;;Остров-11;РЕГК.111119/Остров100;Плавучий объект (причал);Р 1,2 IV;Речной регистр, Fleetphoto;Выборг;Выборгский судостроительный завод; Выборг;;Омск  ;РКО (РРР до 2022); Эксплуатируется ;;;;;01.01.2014;;;19.5;18;5;4.8;2.8;0;6.5;6.5;15.8;;0.95;0.43;;;;;;;0;;;;12;;;;;;;0;;0;;;;0;0;;;;;
305014;02;;;Остров-12;Причальный понтон;Плавучий объект(причал);Р 1,2 IV;Речной регистр, Fleetphoto;Выборг;Выборгский судостроительный завод; Выборг;;Омск  ;РКО (РРР до 2022); Эксплуатируется ;;;;;01.01.2014;;;19.5;18.2;5;5;2.8;0;6.5;6.5;15.8;;0.95;0.43;;;;;;;0;;;;12;;;;;;;0;;0;;;;0;0;;;;;
305015;03;;;Остров-13;Причальный понтон;Плавучий объект(причал);Р 1,2 IV;Речной регистр, Fleetphoto;Выборг;Выборгский судостроительный завод; Выборг;;Омск  ;РКО (РРР до 2022); Эксплуатируется ;;;;;01.01.2014;;;19.5;18.2;5;5;29.4;0;6.5;6.5;15.8;;0.95;0.43;;;;;;;0;;;;12;;;;;;;0;;0;;;;0;0;;;;;
305016;001;;;Остров-14;РЕГК.111119/Остров100;Плавучий объект (причал);Р 1,2 IV;Речной регистр, Fleetphoto;Екатеринбург;ООО «Причал-Урал»; Екатеринбург;;Омск  ;РКО (РРР до 2022); Эксплуатируется ;;;;;01.01.2014;;;19.5;18;5;4.8;2.8;0;6.5;6.5;15.5;;0.95;0.45;;;;;;;0;;;;12;;;;;;;0;;0;;;;0;0;;;;;
305017;002;;;Остров-15;РЕГК.111119/Остров100;Плавучий объект (причал);Р1,2 IV;Fleetphoto, Речной регистр;Екатеринбург;ООО «Причал-Урал»; Екатеринбург;;Омск  ;РКО (РРР до 2022); Эксплуатируется ;;;;;01.01.2014;;;19.5;18;5;4.8;2.8;0;6.5;6.5;15.5;;0.95;0.45;;;;;;;0;;;;12;;;;;;;0;;0;;;;0;0;;;;;
305018;003;;;Остров-16;РЕГК.111119/Остров100;Плавучий объект (причал);Р 1,2 IV;Речной регистр, Fleetphoto;Екатеринбург;ООО «Причал-Урал»; Екатеринбург;;Омск  ;РКО (РРР до 2022); Эксплуатируется ;;;;;01.01.2014;;;19.5;18;5;4.8;2.8;0;6.5;6.5;15.5;;0.95;0.45;;;;;;;0;;;;12;;;;;;;0;;0;;;;0;0;;;;;
305019;217;;;Остров-17;РЕГК.111119/Остров100;Плавучий объект (причал);Р 1,2 IV;Речной регистр, Fleetphoto;Сретинский СРЗ;Сретенский судостроительный завод; Сретенск;;Омск  ;РКО (РРР до 2022); Эксплуатируется ;;;;;01.01.2014;;;19.5;18;5;4.8;2.8;0;6.5;6.5;15.8;;0.95;0.43;;;;;;;0;;;;12;;;;;;;0;;0;;;;0;0;;;;;
305020;218;;;Остров-18;РЕГК.111119/Остров100;Плавучий объект (причал);Р 1,2 IV;Речной регистр, Fleetphoto;Сретинский СРЗ;Сретенский судостроительный завод; Сретенск;;Омск  ;РКО (РРР до 2022); Эксплуатируется ;;;;;01.01.2014;;;19.5;18;5;4.8;2.8;0;6.5;6.5;15.8;;0.95;0.43;;;;;;;0;;;;12;;;;;;;0;;0;;;;0;0;;;;;
305021;215;;;Остров-19;РЕГК.111119/Остров100;Плавучий объект (причал);Р 1,2 IV;Речной регистр, Fleetphoto;Сретинский СРЗ;Сретенский судостроительный завод; Сретенск;;Омск  ;РКО (РРР до 2022); Эксплуатируется ;;;;;01.01.2014;;;19.5;18;5;4.8;2.8;0;6.5;6.5;15.8;;0.95;0.43;;;;;;;0;;;;12;;;;;;;0;;0;;;;0;0;;;;;
305022;216;;;Остров-20;РЕГК.111119/Остров100;Плавучий объект (причал);Р 1,2 IV;Речной регистр, Fleetphoto;Сретенский СРЗ;Сретенский судостроительный завод; Сретенск;;Омск  ;РКО (РРР до 2022); Эксплуатируется ;;;;;01.01.2014;;;19.5;18;5;4.8;2.8;0;6.5;6.5;15.8;;0.95;0.43;;;;;;;0;;;;12;;;;;;;0;;0;;;;0;0;;;;;
305024;1;;;ПП-03;РЕГК.111048;Плавучий причал;Р 1,2 IV;Речной регистр, Fleetphoto;Омский ССРЗ,Омск;ООО «Омский судоремонтно-судостроительный завод»; Омск;;Омск  ;РКО (РРР до 2022); Эксплуатируется ;;;;;01.01.2016;;;60.11;59.95;12.16;12;1242.4;0;0;0;120.6;;2.1;1.88;;;;;;;0;;;;0;;;;;;;0;;0;;;;0;4;;;;;
305205;3;;;НМ через р. Охогр-Игол;РЕГК.111712.ПМП;Наплавной (понтонный) мост;Р 1,2 III;Речной регистр;ООО Ермаковская транспортная компания, р. Охогр-Игол;;;;;;;;;;;01.01.2020;;;54.4;54.4;8.09;8.09;280.2;0;60;60;0;;0.76;0.26;;;;;;;0;;;;0;;;;;;;0;;0;;;;0;0;;;;;
305206;1;;;НМ через р. Ивана Степановича;РЕГК.111713.ПМП;Наплавной (понтонный) мост;Р 1,2 III;Речной регистр;ООО Ермаковская транспортная компания, р.Ивана Степановича;;;;;;;;;;;01.01.2020;;;102.5;102.5;8.09;8.09;523.6;0;60;60;0;;0.76;0.26;;;;;;;0;;;;0;;;;;;;0;;0;;;;0;0;;;;;
305227;1;;;ЯНАО-01;РЕГК.123;Причальный понтон для обслуживания пассажирских судов;Р 1,2 IV;Речной регистр, Fleetphoto;ООО ПКФ Техметторг, Омск;"ООО «ПКФ ""Техметторг""»"; Омск;;Омск  ;РКО (РРР до 2022); Эксплуатируется ;;;;;01.01.2020;;;30;25;8.16;8;433;0;5;5;50.8;;2.25;1.98;;;;;;;0;;;;0;;;;;;;0;;0;;;;0;3;;;;;
305228;2;;;ЯНАО-02;РЕГК.123;Причальный понтон для обслуживания пассажирских судов;Р 1,2 IV;Речной регистр, Fleetphoto;"ООО ""ПКФ ""Техметторг"" г.Омск";"ООО «ПКФ ""Техметторг""»"; Омск;;Омск  ;РКО (РРР до 2022); Эксплуатируется ;;;;;01.01.2020;;;30;25;8.16;8;433;0;5;5;50.8;;2.25;1.98;;;;;;;0;;;;0;;;;;;;0;;0;;;;0;3;;;;;
305229;3;;;ЯНАО-03;РЕГК.123;Причальный понтон для обслуживания пассажирских судов;Р 1,2 IV;Речной регистр, Fleetphoto;ООО ПКФ Техметторг, Омск;"ООО «ПКФ ""Техметторг""»"; Омск;;Омск  ;РКО (РРР до 2022); Эксплуатируется ;;;;;01.01.2020;;;30;25;8.16;8;433;0;5;5;50.8;;2.25;1.98;;;;;;;0;;;;0;;;;;;;0;;0;;;;0;3;;;;;
305277;;;;"Яхт.стоянка ""Зеленый остров""";б/п;Причальный понтон;Р 1,2 IV;Речной регистр;г.Омск;;;;;;;;;;;01.01.2017;;;150;150;75;75;311.3;0;3;0;178.5;;0.72;0.5;;;;;;;0;;;;0;;;;;;;0;;0;;;;0;0;;;;;
305307;1;;;Причальный понтон, р.Иртыш 101;ПБФ 3294.21/ПО;Причальный понтон;Р 1,2 IV;Речной регистр;ООО Стек, 101 км р. Иртыш;;;;;;;;;;;01.01.2021;;;76.8;69.11;37.6;37.6;2329.4;0;60;60;0;;1.3;0.44;;;;;;;0;;;;0;;;;;;;0;;0;;;;0;0;;;;;
305314;;;;14-24 РТС;б/п;Пассажирский дебаркадер;Р 1,2 I;Речной регистр;;;;;;;;;;;;01.01.1986;;;20;20;7.8;7.8;514.8;0;0;0;0;;3.3;0;;;;;;;0;;;;16;;;;;;;0;;0;;;;0;0;;;;;
305315;;;;14-25 РТС;б/п;Пассажирский дебаркадер;Р 1,2 I;Речной регистр;;;;;;;;;;;;01.01.1986;;;20;20;7.8;7.8;514.8;0;0;0;0;;3.3;0;;;;;;;0;;;;16;;;;;;;0;;0;;;;0;0;;;;;
305353;1;;;Стр.№1 пр.052.05;052.05;Плавучий причал;Р 1,2 IV;Речной регистр;ЗАО ЭСВ, Тюмень;;;;;;;;;;;01.01.2022;;;20.12;20;4.12;4;84.9;0;1.5;0;22;;1.5;1.2;;;;;;;0;;;;15;;;;;;;0;;0;;;;0;2;;;;;
305404;10;;;ПП-90;б/п;Технологический понтон;Р 1,2 IV;Речной регистр;г.Омск;;;;;;;;;;;01.01.2015;;;13;13;9;9;158.3;0;90;90;0;;1.3;0.22;;;;;;;0;;;;0;;;;;;;0;;0;;;;0;0;;;;;
305414;1;;;ПП-45/1;б/п;Технологический понтон;Л 0,6 IV;Речной регистр;г.Сургут;;;;;;;;;;;01.01.2016;;;12;12;7.52;7.52;212.3;0;0;0;0;;2.05;0;;;;;;;0;;;;0;;;;;;;0;;0;;;;0;0;;;;;
305415;2;;;ПП-45/2;б/п;Технологический понтон;Л 0,6 IV;Речной регистр;г.Сургут;;;;;;;;;;;01.01.2016;;;12;12;7.52;7.52;212.3;0;0;0;0;;2.05;0;;;;;;;0;;;;0;;;;;;;0;;0;;;;0;0;;;;;
305416;3;;;ПП-45/3;б/п;Технологический понтон;Л 0,6 IV;Речной регистр;Сургут;;;;;;;;;;;01.01.2016;;;12;12;7.52;7.52;212.3;0;0;0;0;;2.05;0;;;;;;;0;;;;0;;;;;;;0;;0;;;;0;0;;;;;
305420;1;;;ПП-01;ТМТ.35.1;Переходный понтон, плавучий переходный понтон для посадки и высадки пассажиров;Р 1,2 IV;Речной регистр;ООО ПКФ Техметторг, Омск;;;;;;;;;;;01.01.2023;;;24.16;19.8;6.66;6.5;288.7;0;1;1;30.7;;2.25;2;;;;;;;0;;;;0;;;;;;;0;;0;;;;0;3;;;;;
305421;2;;;ПП-02;ТМТ.35.1;Переходный понтон, плавучий переходный понтон для посадки и высадки пассажиров;Р 1,2 IV;Речной регистр;ООО ПКФ Техметторг, Омск;;;;;;;;;;;01.01.2023;;;24.16;19.8;6.66;6.5;288.7;0;1;1;30.7;;2.25;2;;;;;;;0;;;;0;;;;;;;0;;0;;;;0;3;;;;;
305422;3;;;ПП-03;ТМТ.35.1;Переходный понтон, плавучий переходный понтон для посадки и высадки пассажиров;Р 1,2 IV;Речной регистр;ООО ПКФ Техметторг, Омск;;;;;;;;;;;01.01.2023;;;24.16;19.8;6.66;6.5;288.7;0;1;1;30.7;;2.25;2;;;;;;;0;;;;0;;;;;;;0;;0;;;;0;3;;;;;
305432;1;;;ПП-771;413;Плавучий причал для перехода курсантов с берега на учебно-тренировочное судно;Л 0,6 IV;Речной регистр;ЗАО ЭСВ, Тюмень;;;;;;;;;;;01.01.2023;;;19.4;18.7;8.4;8;84.9;0;3.5;0;44.4;;1.85;1.15;;;;;;;0;;;;20;;;;;;;0;;0;;;;0;0;;;;;
305595;;;;Арктика-СБ;024, тип Север;"Сухогрузный теплоход; перевозка тарно-штучных грузов, буксировка понтонов лагом";Категория 3;Fleetphoto, Речной регистр;Архангельск;СРЗ «Красная кузница» (ООО «Нью Оптимист»); Архангельск;;Архангельск  ;РКО (РРР до 2022); Эксплуатируется ;;;;;01.07.2015;;;15.4;0;3.9;0;72.2;0;0;7;17.5;;1.07;0.176;;;ЯМЗ-238М2 (8ЧСП 13/14);;;;0;;;;0;;;;;;;0;;0;;;;0;6;;;;;
305608;742;;;86-48;Д34;Плавучий причал, посадка пассажиров на суда и высадка их с судов;Р1,2 I;Речной регистр, Fleetphoto;;ГП «Вычегодская ремонтно-эксплуатационная база флота СРП МРФ РСФСР»; Сыктывкар;;Архангельская область  ;РКО (РРР до 2022); Эксплуатируется ;;;;;01.01.1985;;;22;22;8.2;8;224.4;0;8.5;8.5;43.7;;1.2;0.95;;;;;;;0;;;;0;;;;;;;0;;0;;;;0;3;;;;;
306090;;;;Аква-1;б/п;Плавучий причал, посадка и высадка пассажиров;Р 1,2 IV;Речной регистр, Fleetphoto;Российская Федерация;(Rus); (Россия);;Санкт-Петербург  ;РКО (РРР до 2022); Эксплуатируется ;;;;;01.01.1999;;;17.6;17.6;4;4;25.5;0;3.5;0;20.1;;0.9;0.645;;;;;;;0;;;;0;;;;;;;0;;0;;;;0;3;;;;;
306091;;;;КС-63;б/п;Несамоходный грузовой понтон для хранения грузов;Р1,2 IV;Речной регистр;СССР;;;;;;;;;;;01.01.1986;;;18;18;7.2;7.2;232.1;0;25.83;22;0;;1.8;1.44;;;;;;;0;;;;0;;;;;;;0;;0;;;;0;0;;;;;
306102;7416;;;Аква-2;б/п;Плавучий причал, посадка и высадка пассажиров;Р 1,2 IV;Речной регистр, Fleetphoto;Российская Федерация;(Rus); (Россия);;Санкт-Петербург  ;РКО (РРР до 2022); Эксплуатируется ;;;;;01.01.1999;;;16;16;3.75;3.75;22.6;0;3.6;0;14.1;;1;0.75;;;;;;;0;;;;0;;;;;;;0;;0;;;;0;3;;;;;
306103;;;;Понтон;б/п;Плавучий причал для посадки и высадки пассажиров;Р1,2 I;Речной регистр;СССР;;;;;;;;;;;01.01.1956;;;12;12;4;4;110.4;0;0;0;0;;1.4;0.9;;;;;;;0;;;;0;;;;;;;0;;0;;;;0;0;;;;;
306120;01;;;Стр. № 01;ПФБ3133.21/ПП;Плавучий причал для посадки и высадки пассажиров;Р 1,2 I;Речной регистр;"ООО ""РУСКОР"", Новая Ладога";;;;;;;;;;;01.01.2021;;;27.3;26.25;18.53;18;84.4;0;0;0;18.2;;0.75;0.59;;;;;;;0;;;;0;;;;;;;0;;0;;;;0;2;;;;;
306172;;;;КС-63-3;б/п;Несамоходный грузовой понтон для хранения грузов;Р 1,2 IV;Речной регистр;СССР;;;;;;;;;;;01.01.1986;;;18;18;7.2;7.2;232.1;0;25.83;22;0;;1.8;1.44;;;;;;;0;;;;0;;;;;;;0;;0;;;;0;0;;;;;
306176;;;;Крит;б/п;Плавучий причал, посадка и высадка пассажиров;Р 1,2 I;Речной регистр;Санкт-Петербург;;;;;;;;;;;01.01.1996;;;15.96;15.66;5.31;5.01;135.8;0;0;0;0;;1.36;0.7;;;;;;;0;;;;0;;;;;;;0;;0;;;;0;2;;;;;
306179;;;;КС-63-2;б/п;Несамоходный грузовой понтон для хранения грузов;Р1,2 IV;Речной регистр;СССР;;;;;;;;;;;01.01.1986;;;18;18;7.2;7.2;232.1;0;25.83;22;0;;1.8;1.44;;;;;;;0;;;;0;;;;;;;0;;0;;;;0;0;;;;;
306193;017;;;(Стр. 017);ПБФ 3661.22/ПП(2);Плавучий причал для посадки и высадки пассажиров;Р1,2 I;Fleetphoto, Речной регистр;"ООО ""Судостроительный завод ""РОСТР"", Новая Ладога";"ООО «Судостроительный завод ""РОСТР""»"; Новая Ладога;;Санкт-Петербург  ;РКО (РРР до 2022); Эксплуатируется ;;;;;01.01.2023;;;15.2;15;4.2;4;65.1;0;3.85;0;15.14;;0.9;0.61;;;;;;;0;;;;0;;;;;;;0;;0;;;;0;4;;;;;
306214;;;;ПГП-45;133Б/ перекл. ЦТФР.ПГП45.36006;Плавучий причал, швартовка судов с целью посадки и высадки пассажиров;О2,0 I;Речной регистр;с/в им. Комсомольской Правды, Кострома;;;;;;;;;;;01.01.1975;;;45;42.77;12.4;12;1395.2;0;9;0;471.4;;2.8;1.83;;;;;;;0;;;;0;;;;;;;0;;0;;;;2;6;;;;;
306255;502001;;;502001;ТФРП.502;Плавучий причал для посадки и высадки пассажиров;Р 1,2 I;Речной регистр, Fleetphoto;"ООО ""Эмпериум"", Санкт-Петербург";ООО «Эмпериум»; Ленинградская область;;Москва  ;РКО (РРР до 2022); Эксплуатируется ;01.01.2021;;;01.01.2022;01.01.2023;;;20.29;15.42;17.49;15.42;696.2;0;10.89;0;133.89;;2.4;0.92;;;;;;;1;;;;80;;;;;;;0;;0;;;;0;4;;;;;
306256;502003;;;502003;ТФРП.502;Плавучий причал для посадки и высадки пассажиров;Р 1,2 I;Речной регистр, Fleetphoto;"ООО ""Эмпериум"", Санкт-Петербург";ООО «Эмпериум»; Ленинградская область;;Москва  ;РКО (РРР до 2022); Эксплуатируется ;01.01.2022;;;01.07.2022;01.01.2023;;;20.29;14.54;17.49;14.54;699;0;10.89;0;115;;2.4;0.946;;;;;;;1;;;;80;;;;;;;0;;0;;;;0;4;;;;;
306257;502004;;;502004;ТФРП.502;Плавучий причал для посадки и высадки пассажиров;Р 1,2 I;Речной регистр, Fleetphoto;"ООО ""Эмпериум"", Санкт-Петербург";ООО «Эмпериум»; Ленинградская область;;Москва  ;РКО (РРР до 2022); Эксплуатируется ;01.01.2022;;;01.07.2022;01.01.2023;;;20.29;14.54;17.49;14.54;699;0;10.89;0;115;;2.4;0.946;;;;;;;1;;;;80;;;;;;;0;;0;;;;0;4;;;;;
306258;502005;;;502005;ТФРП.502;Плавучий причал для посадки и высадки пассажиров;Р 1,2 I;Речной регистр, Fleetphoto;"ООО ""Эмпериум"", Санкт-Петербург";ООО «Эмпериум»; Ленинградская область;;Москва  ;РКО (РРР до 2022); Эксплуатируется ;01.01.2022;;;01.07.2022;01.01.2023;;;20.29;14.54;17.49;14.54;699;0;10.89;0;115;;2.4;0.946;;;;;;;1;;;;80;;;;;;;0;;0;;;;0;4;;;;;
306260;;;;Остров;б/п;Плавучий объект, дебаркадер пассажирский;Р1,2 I;Речной регистр;CCCР;;;;;;;;;;;01.01.1961;;;35.81;35.46;10;9.65;874.5;0;0;0;0;;2.8;1.92;;;;;;;0;;;;0;;;;;;;0;;0;;;;0;0;;;;;
306267;;;;Понтон РЛВ 35-75;1571 тип А;Плавучий причал для посадки и высадки пассажиров;Р1,2 I;Речной регистр;"ООО ""Понтон"", Санкт-Петербург";;;;;;;;;;;01.01.2009;;;15;14.68;2.7;2.4;2.8;0;0;2;22.07;;1.15;0.54;;;;;;;0;;;;0;;;;;;;0;;0;;;;0;0;;;;;
306269;201110001;;;Аква-3;б/п;Плавучий причал, посадка и высадка пассажиров;Р 1,2 IV;Речной регистр, Fleetphoto;Российская Федерация;(Rus); (Россия);;Санкт-Петербург  ;РКО (РРР до 2022); Эксплуатируется ;;;;;01.01.2011;;;19.95;19.95;3.85;3.85;31.1;0;3.04;0;20.4;;1;0.7;;;;;;;0;;;;0;;;;;;;0;;0;;;;0;3;;;;;
306270;;;;Понтон РЛВ 35-76;1571 тип А;Плавучий причал для посадки и высадки пассажиров;Р1,2 I;Речной регистр;"ООО ""Понтон"", Санкт-Петербург";;;;;;;;;;;01.01.2009;;;15;14.68;2.7;2.4;2.8;0;0;2;22.07;;1.15;0.54;;;;;;;0;;;;0;;;;;;;0;;0;;;;0;0;;;;;
306271;;;;Понтон РЛВ 35-77;1571 тип А;Плавучий причал для посадки и высадки пассажиров;Р1,2 I;Речной регистр;"ООО ""Понтон"", Санкт-Петербург";;;;;;;;;;;01.01.2009;;;15;14.68;2.7;2.4;2.8;0;0;2;22.07;;1.15;0.54;;;;;;;0;;;;0;;;;;;;0;;0;;;;0;0;;;;;
306272;;;;Понтон РЛВ 35-78;1571 тип А;Плавучий причал для посадки и высадки пассажиров;Р1,2 I;Речной регистр;"ООО ""Понтон"", Санкт-Петербург";;;;;;;;;;;01.01.2009;;;15;14.68;2.7;2.4;2.8;0;0;2;22.07;;1.15;0.54;;;;;;;0;;;;0;;;;;;;0;;0;;;;0;0;;;;;
306273;;;;Понтон РЛВ 35-79;1571 тип А;Плавучий причал для посадки и высадки пассажиров;Р1,2 I;Речной регистр;"ООО ""Понтон"", Санкт-Петербург";;;;;;;;;;;01.01.2009;;;15;14.68;2.7;2.4;2.8;0;0;2;22.07;;1.15;0.54;;;;;;;0;;;;0;;;;;;;0;;0;;;;0;0;;;;;
306274;;;;Понтон РЛВ 35-80;1571 тип А;Плавучий причал для посадки и высадки пассажиров;Р1,2 I;Речной регистр;"ООО ""Понтон"", Санкт-Петербург";;;;;;;;;;;01.01.2009;;;15;14.68;2.7;2.4;2.8;0;0;2;22.07;;1.15;0.54;;;;;;;0;;;;0;;;;;;;0;;0;;;;0;0;;;;;
306275;;;;Понтон РЛВ 35-81;1571 тип А;Плавучий причал для посадки и высадки пассажиров;Р1,2 I;Речной регистр;"ООО ""Понтон"", Санкт-Петербург";;;;;;;;;;;01.01.2009;;;15;14.68;2.7;2.4;2.8;0;0;2;22.07;;1.15;0.54;;;;;;;0;;;;0;;;;;;;0;;0;;;;0;0;;;;;
306276;;;;Понтон РЛВ 35-82;1571 тип А;Плавучий причал для посадки и высадки пассажиров;Р1,2 I;Речной регистр;"ООО ""Понтон"", Санкт-Петербург";;;;;;;;;;;01.01.2009;;;15;14.68;2.7;2.4;2.8;0;0;2;22.07;;1.15;0.54;;;;;;;0;;;;0;;;;;;;0;;0;;;;0;0;;;;;
306277;;;;Гостеприимный;б/п;Плавучий причал, посадка и высадка пассажиров;Р1,2 I;Речной регистр;Новосибирск;;;;;;;;;;;01.01.2022;;;18.3;18;2.9;2.6;53.8;0;0;0;10.4;;1.22;0.93;;;;;;;0;;;;0;;;;;;;0;;0;;;;0;3;;;;;
306278;91;;;Понтон РЛВ-25-50;1571 тип А;Плавучий причал для посадки и высадки пассажиров;Р1,2 I;Речной регистр;Санкт-Петербург;;;;;;;;;;;01.01.2009;;;15;14.68;2.5;2.4;28.3;0;0;2;22.07;;1.15;0.54;;;;;;;0;;;;0;;;;;;;0;;0;;;;0;0;;;;;
306279;90;;;Понтон РЛВ-25-48;1571 тип А;Плавучий причал для посадки и высадки пассажиров;Р1,2 I;Речной регистр;Санкт-Петербург;;;;;;;;;;;01.01.2009;;;15;14.68;2.5;2.4;28.3;0;0;2;22.07;;1.15;0.54;;;;;;;0;;;;0;;;;;;;0;;0;;;;0;0;;;;;
306280;1224002;;;РЛВ 25-61;1212;Понтон. Плавучий причал для посадки и высадки пассажиров.;Р 1,2 I;Речной регистр;"ООО ""Понтон"", Санкт-Петербург";;;;;;;;;;;01.01.2023;;;12.16;12;2.56;2.4;22.6;0;0;1.5;0;;1.2;0.64;;;;;;;0;;;;0;;;;;;;0;;0;;;;0;0;;;;;
306281;1224001;;;РЛВ 25-62;1212;Понтон. Плавучий причал для посадки и высадки пассажиров.;Р 1,2 I;Речной регистр;"ООО ""Понтон"", Санкт-Петербург";;;;;;;;;;;01.01.2023;;;12.16;12;2.56;2.4;22.6;0;0;1.5;0;;1.2;0.64;;;;;;;0;;;;0;;;;;;;0;;0;;;;0;0;;;;;
306282;1524003;;;РЛВ 35-27;1571;Понтон. Плавучий причал для посадки и высадки пассажиров;Р 1,2 I;Речной регистр;"ООО ""Понтон"", Санкт-Петебург";;;;;;;;;;;01.01.2023;;;15.16;15;2.56;2.4;28.3;0;0;2;0;;1.15;0.54;;;;;;;0;;;;0;;;;;;;0;;0;;;;0;0;;;;;
306283;1501;;;Стр. № 1501;823/908;Плавучий причал для посадки и высадки пассажиров;Р 1,2 I;Речной регистр;"ОАО ""ССК"", Городец";;;;;;;;;;;01.01.2007;;;64.7;64.4;14.3;14;2799;0;0;20;0;;3.2;2.5;;;;;;;0;;;;0;;;;;;;0;;0;;;;0;0;;;;;
306304;;;;Аква-4;б/п;Плавучий причал, посадка и высадка пассажиров;Р 1,2 IV;Речной регистр, Fleetphoto;Российская Федерация;(Rus); (Россия);;Санкт-Петербург  ;РКО (РРР до 2022); Эксплуатируется ;;;;;01.01.1999;;;17;17;3.5;3.5;25.5;0;3.2;0;13;;0.8;0.51;;;;;;;0;;;;0;;;;;;;0;;0;;;;0;3;;;;;
306335;;;;ПП-3;б/п;Плавучий причал, посадка и высадка пассажиров;Р1,2 I;Речной регистр;Российская Федерация;;;;;;;;;;;01.01.2016;;;14.15;13.95;7.2;7;76.4;0;0;0;0;;1.05;0.76;;;;;;;0;;;;0;;;;;;;0;;0;;;;0;6;;;;;
306336;;;;ПП-5;б/п;Плавучий причал, посадка и высадка пассажиров;Р1,2 I;Речной регистр;Российская Федерация;;;;;;;;;;;01.01.2010;;;14;14;2.8;2.8;39.6;0;0;0;0;;1.05;0.82;;;;;;;0;;;;0;;;;;;;0;;0;;;;0;4;;;;;
306337;3;;;ПП-38;ПП-38;Плавучий причал, посадка пассажиров и высадка их с судов;Р 1,2 I;Речной регистр;"ООО ""Астра Марин"", Шлиссельбург";;;;;;;;;;;01.01.2023;;;38.03;38;8.1;8;147.2;0;0;0;0;;1.3;0.716;;;;;;;0;;;;0;;;;;;;0;;0;;;;0;3;;;;;
306405;21;;;Аква-5;ПБФ 4764.23/ПП;Плавучий причал. Швартовка судов, посадка и высадка пассажиров;Р 1,2 I;Речной регистр;"ООО ""Судостроительный завод ""РОСТР"", Новая Ладога";;;;;;;;;;;01.01.2024;;;16.94;16.5;2.5;2.4;34.66;0;0.9;0;10.27;;0.9;0.6;;;;;;;0;;;;0;;;;;;;0;;0;;;;0;4;;;;;
306427;;;;Строительный номер 1;ПФБ 4251.23/БП-2;Дебаркадер. Плавучий причал для швартовки судов;О2,0 IV;Речной регистр;;;;;;;;;;;;01.01.1980;;;35.4;35;10;9.6;863;0;0;0;0;;2.8;2.11;;;;;;;0;;;;0;;;;;;;0;;0;;;;0;0;;;;;
306439;;;;Строительный номер 2;888;Плавучий причал для швартовки;О2,0 IV;Речной регистр;;;;;;;;;;;;01.01.1980;;;35.4;35;10;9.6;925;0;0;0;0;;2.8;1.85;;;;;;;0;;;;0;;;;;;;0;;0;;;;0;0;;;;;
306440;51;;;№ 51;1270;Понтон. Плавучий причал, посадка и высадка пассажиров;Л0,6 I;Речной регистр;"ООО ""Марина Сервис"", Санкт-Петербург";;;;;;;;;;;01.01.2020;;;12;11.7;2.4;2.4;14.15;0;0;0;0;;0.95;0.36;;;;;;;0;;;;0;;;;;;;0;;0;;;;0;0;;;;;
306441;54;;;№ 54;1270;Понтон. Плавучий причал, посадка и высадка пассажиров;Л0,6 I;Речной регистр;"ООО ""Марина Сервис"", Санкт-Петербург";;;;;;;;;;;01.01.2020;;;12;11.7;2.4;2.4;14.15;0;0;0;0;;0.95;0.36;;;;;;;0;;;;0;;;;;;;0;;0;;;;0;0;;;;;
306442;124;;;№ 124;1570;Понтон. Плавучий причал, посадка и высадка пассажиров;Р1,2 I;Речной регистр;"ООО ""Марина Сервис"", Санкт-Петербург";;;;;;;;;;;01.01.2020;;;15;14.7;2.4;2.4;30;0;0;0;0;;0.95;0.39;;;;;;;0;;;;0;;;;;;;0;;0;;;;0;0;;;;;
306443;125;;;№ 125;1570;Понтон. Плавучий причал, посадка и высадка пассажиров;Р1,2 I;Речной регистр;"ООО ""Марина Сервис"", Санкт-Петербург";;;;;;;;;;;01.01.2020;;;15;14.7;2.4;2.4;30;0;0;0;0;;0.95;0.39;;;;;;;0;;;;0;;;;;;;0;;0;;;;0;0;;;;;
306444;126;;;№ 126;1570;Понтон. Плавучий причал, посадка и высадка пассажиров;Р1,2 I;Речной регистр;"ООО ""Марина Сервис"", Санкт-Петербург";;;;;;;;;;;01.01.2020;;;15;14.7;2.4;2.4;30;0;0;0;0;;0.95;0.39;;;;;;;0;;;;0;;;;;;;0;;0;;;;0;0;;;;;
306451;52;;;№ 52;1270;Понтон. Плавучий причал, посадка и высадка пассажиров;Л0,6 I;Речной регистр;"ООО ""Марина Сервис"", Санкт-Петербург";;;;;;;;;;;01.01.2020;;;12;11.7;2.4;2.4;14.15;0;0;0;0;;0.95;0.36;;;;;;;0;;;;0;;;;;;;0;;0;;;;0;0;;;;;
306452;53;;;№ 53;1270;Понтон. Плавучий причал, посадка и высадка пассажиров;Л0,6 I;Речной регистр;"ООО ""Марина Сервис"", Санкт-Петербург";;;;;;;;;;;01.01.2020;;;12;11.7;2.4;2.4;14.15;0;0;0;0;;0.95;0.36;;;;;;;0;;;;0;;;;;;;0;;0;;;;0;0;;;;;
306545;;;;Утес;ИБЧ/ПП30;Плавучий объект, причал;Р1,2 I;Речной регистр;"ООО ""Тольяттинский СРЗ"", г.Тольятти";;;;;;;;;;;01.01.2021;;;30.02;30.02;5.18;5.03;260.4;0;25;25;71;;1.58;1.115;;;;;;;1;;;;0;;;;;;;0;;0;;;;0;5;;;;;
306563;;;;Понтон железобетонный;ПБ 1209 / ПБ 1509;Понтон, причал для маломерных судов;Р1,2 IV;Речной регистр;"ООО ""ПОНТОН"", г.Санкт-Петербург";;;;;;;;;;;01.01.2008;;;475.35;474;2.55;2.4;1080.72;0;0;0;0;;0.9;0.25;;;;;;;0;;;;0;;;;;;;0;;0;;;;0;0;;;;;
306564;;;;Понтон железобетонный;ПБ 1209 / ПБ 1509;Понтон, причал для маломерных судов;Р1,2 IV;Речной регистр;"ООО ""ПОНТОН"", г.Санкт-Петербург";;;;;;;;;;;01.01.2008;;;189.45;189;2.55;2.4;431;0;0;0;0;;0.9;0.25;;;;;;;0;;;;0;;;;;;;0;;0;;;;0;0;;;;;
36831;14;;;ДЖ-17;33;Грузо-пассажирский двухдечный дебаркадер, швартовка судов, посадка и высадка пассажиров;Р1,2 I;Речной регистр;г.Городец;;;;;;;;;;;01.01.1952;;;65.4;65;14.4;14;8059.8;0;44;0;1200;;3.2;1.76;;;;;;;4;;;;0;;;;;;;0;;0;;;;2;5;;;;;
37443;255;;;Дебаркадер -11;649-III;Грузопассажирский дебаркадер;Р1,2 I;Речной регистр;"судоверфь им. ""Комсомольской Правды"", Кострома";;;;;;;;;;;01.01.1953;;;36.8;35;10.74;10;1560;0;110;110;384;;2.8;1.3;;;;;;;0;;;;0;;;;;;;0;;0;;;;0;8;;;;;
37701;;;;Дебаркадер - 58;628;Причальный понтон, швартовка судов;Р1,2 I;Речной регистр;Городецкая судоверфь;;;;;;;;;;;01.01.1955;;;65.78;65.38;14.53;14.13;2351.7;0;0.5;0;1016.5;;3.2;2.1;;;;;;;1;;;;0;;;;;;;0;;0;;;;2;5;;;;;
37702;437;;;ДЕБАРКАДЕР 305;133;Грузопассажирский дебаркадер;Р1,2 I;Речной регистр;Городец;;;;;;;;;;;01.01.1955;;;47.87;45;12.47;12;3220;0;115;100;404;;2.7;1.84;;;;;;;0;;;;150;;;;;;;0;;0;;;;0;5;;;;;
37893;433;;;ДЖ-8;628-III;Дебаркадер. Плавучий причал;Р1,2 I;Речной регистр;Городецкая судоверфь, Городец;;;;;;;;;;;01.01.1957;;;65.4;65;14.4;14;7700;0;432;380;1600;;3.2;1.3;;;;;;;3;;;;260;;;;;;;0;;0;;;;0;5;;;;;
37933;422;;;ДЕБАРКАДЕР-30;628-III;Грузопассажирский дебаркадер, швартовка судов;Р1,2 I;Речной регистр;г. Городец;;;;;;;;;;;01.01.1957;;;65.4;65;15.2;14;7700;0;542;500;2533;;3.2;1.3;;;;;;;10;;;;100;;;;;;;0;;0;;;;2;5;;;;;
38000;386;;;Дебаркадер-320;649-III;Пассажирский дебаркадер;Р1,2 I;Речной регистр;"с/в им.""Комсомольской Правды"", г.Кострома";;;;;;;;;;;01.01.1957;;;36.08;35;10.74;10;1514.1;0;134.2;110;374.2;;2.8;1.3;;;;;;;2;;;;0;;;;;;;0;;0;;;;0;8;;;;;
38813;724;;;Дебаркадер №164;61А;Стоечное, дебаркадер;Р1,2 I;Речной регистр;Сокольская судоверфь;;;;;;;;;;;01.01.1961;;;20.32;20;7.32;7;450;0;5;0;110.8;;2;1.21;;;;;;;3;;;;0;;;;;;;0;;0;;;;0;7;;;;;
38889;469;;;Дебаркадер-553;33;Грузопассажирский дебаркадер;Р1,2;Речной регистр;Городец;;;;;;;;;;;01.01.1959;;;65.4;65;14.4;14;8059.8;0;0;500;1600;;3.6;1.94;;;;;;;12;;;;260;;;;;;;0;;0;;;;1;17;;;;;
38945;857;;;Дебаркадер №379;47Б (35 метров);Причальный дебаркадер;Р1,2 I;Fleetphoto, Речной регистр;Кострома;"Судоверфь им. ""Комсомольской правды"" ВОРП МРФ РСФСР"; Кострома;;Нижний Новгород  ;РКО (РРР до 2022); Эксплуатируется ;;;;;20.09.1975;;;35.4;35;10;9.6;1760.3;0;34;0;360;;2.8;1.63;;;;;;;5;;;;0;;;;;;;0;;0;;;;2;11;;;;;
38946;578;;;Дебаркадер-527;33;Грузопассажирский дебаркадер;Р1,2 I;Речной регистр;Городецкая судоверфь, г.Городец;;;;;;;;;;;01.01.1961;;;65.4;65;14.4;14;8060;0;500;500;1600;;3.6;1.94;;;;;;;0;;;;266;;;;;;;0;;0;;;;2;17;;;;;
38958;487;;;ДЕБАРКАДЕР-14;904-03;Пассажирский дебаркадер;Р1,2 I;Речной регистр;КОСТРОМА;;;;;;;;;;;01.01.1961;;;35.4;35;10;9.6;1743;0;59;0;393;;2.8;1.8;;;;;;;4;;;;122;;;;;;;0;;0;;;;0;13;;;;;
38963;484;;;Дебаркадер-78;47Б;Причальный понтон маломерного флота;Р1,2 I;Речной регистр;г.Кострома;;;;;;;;;;;01.01.1961;;;35.3;35;9.9;9.6;1621.6;0;22.2;0;391;;2.83;1.57;;;;;;;1;;;;3;;;;;;;0;;0;;;;0;11;;;;;
38967;;;;Дебаркадер-75;47Б;Пассажирский дебаркадер, швартовка судов;Р1,2 I;Речной регистр;"судоверфь им.""Комсомольской правды"", г.Кострома";;;;;;;;;;;01.01.1961;;;35.4;35;10;9.6;914.1;0;56;30;360;;2.8;1.71;;;;;;;4;;;;124;;;;;;;0;;0;;;;0;0;;;;;
38983;523;;;Дебаркадер 403;20/62;Плавучий объект, дебаркадер для организации общественного питания и отдыха на воде;Р1,2 I;Речной регистр;Сокольская судоверфь;;;;;;;;;;;01.01.1960;;;45.4;45;12.4;12;2830;0;39.48;0;644.55;;3;1.79;;;;;;;16;;;;54;;;;;;;0;;0;;;;4;11;;;;;
39583;;;;Понтон-852;608;Грузовой понтон;Р1,2;Речной регистр;Астрахань;;;;;;;;;;;01.01.1968;;;27;24;9.2;9;382.1;0;80;80;137;;1.6;1.225;;;;;;;0;;;;0;;;;;;;0;;0;;;;0;3;;;;;
39759;44;;;БЕЛЬСКАЯ-44;РЕГК.07252/Р27;Плавучий объект, установленный у берега, причал;Р1,2 IV;Речной регистр, Fleetphoto;ССЗ им. III Интернационала, г. Астрахань;ССРЗ им. III Интернационала; Астрахань;;Пермь  ;РКО (РРР до 2022); Не эксплуатируется ;;;;;01.01.1973;;;111.2;110;20.4;20;5400;0;4267;4240;5073;;2.85;2.4;;;;;;;0;;;;0;;;;;;;0;;0;;;;2;6;;;;;
54063;11;;;3317;944/330-90-7;Плавучий объект, установленный у берега, причал для парома;Р1,2 I;Речной регистр;г. Павловск;;;;;;;;;;;01.01.1965;;;46.42;42.6;10.04;10;778;0;0;0;412;;2;1.4;;;;;;;0;;;;0;;;;;;;0;;0;;;;0;4;;;;;
54111;12;;;7125;942;Плавучий объект, причальный понтон;Р1,2 I;Речной регистр;Калач-на-Дону;;;;;;;;;;;01.01.1968;;;66.25;63.1;14.25;14;1686.99;0;0;1000;1248;;2;1.636;;;;;;;0;;;;0;;;;;;;0;;0;;;;1;4;;;;;
54334;13;;;ВД-401;Р-92;Плавучий объект, причал для швартовки судов;Р1,2 IV;Речной регистр, Fleetphoto;Павловск;Павловский судостроительно-судоремонтный завод; Павловск;;Ростов-на-Дону  ;РКО (РРР до 2022); Эксплуатируется ;;;;;01.01.1978;;;48.34;45.1;12.6;12;900;0;0;400;795;;1.8;0.25;;;;;;;0;;;;0;;;;;;;0;;0;;;;1;4;;;;;
54353;32;;;КП-436;Р-92;Понтон. Технологический понтон.;М-СП3,5-IV;Речной регистр, Fleetphoto;Краснодар;Краснодарский судоремонтно-судостроительный завод КубРП МРФ РСФСР; Краснодар;;Краснодар  ;РКО (РРР до 2022); Судьба не установлена ;;;;;01.01.1979;;;48.32;47.5;12.16;12;931.1;0;0;20;212.3;;1.8;1.396;;;;;;;0;;;;0;;;;;;;0;;0;;;;1;4;;;;;
54422;36;;;ВД-418;Р-92;Плавучий объект, причал для швартовки судов;Р1,2 IV;Речной регистр, Fleetphoto;Павловск;Павловский судостроительно-судоремонтный завод; Павловск;;Ростов-на-Дону  ;РКО (РРР до 2022); Эксплуатируется ;;;;;01.01.1983;;;48.32;45.1;12.16;12;899.9;0;0;400;542;;1.8;0.33;;;;;;;0;;;;0;;;;;;;0;;0;;;;1;4;;;;;
54450;1;;;ПП-1;Д-34;Понтон. Технологический понтон;Р1,2;Fleetphoto, Речной регистр;г.Краснодар;Краснодарская ремонтно-эксплуатационная база флота КубРП МРФ РСФСР; Краснодар;;Краснодар  ;РКО (РРР до 2022); Судьба не установлена ;;;;;24.10.1985;;;22.2;22;8.2;8;124.3;0;0;42;0;;1.2;0.765;;;;;;;0;;;;0;;;;;;;0;;0;;;;0;0;;;;;
54451;2;;;ПП-2;Д-34;Пассажирский причал;Р1,2 I;Речной регистр, Fleetphoto;Краснодар;Краснодарская ремонтно-эксплуатационная база флота КубРП МРФ РСФСР; Краснодар;;Краснодар  ;РКО (РРР до 2022); Эксплуатируется ;;;;;01.01.1985;;;22.2;22;8.2;8;350.9;0;0;0;0;;1.2;0.45;;;;;;;0;;;;0;;;;;;;0;;0;;;;0;3;;;;;
54456;4;;;ПП-4;Д-34;Пассажирский причал (летнее кафе);Р1,2 I;Fleetphoto, Речной регистр;Краснодар;Краснодарская ремонтно-эксплуатационная база флота КубРП МРФ РСФСР; Краснодар;;Краснодар  ;РКО (РРР до 2022); Эксплуатируется ;;;;;27.06.1986;;;22.16;22;8.1;8;350.9;0;0;0;0;;1.2;0.45;;;;;;;0;;;;48;;;;;;;0;;0;;;;0;0;;;;;
54457;5;;;ПП-5;Д-34;Пассажирский причал на закольных сваях;Р1,2 IV;Речной регистр, Fleetphoto;Краснодар;Краснодарская ремонтно-эксплуатационная база флота КубРП МРФ РСФСР; Краснодар;;Краснодар  ;РКО (РРР до 2022); Эксплуатируется ;;;;;01.01.1986;;;22.16;22;8;8;350.9;0;0;0;0;;1.2;0.45;;;;;;;0;;;;0;;;;;;;0;;0;;;;0;3;;;;;
54473;7;;;ПП-7;Д-34;Понтон. Технологический понтон;М-СП3,5-IV;Речной регистр, Fleetphoto;г.Краснодар;Краснодарская ремонтно-эксплуатационная база флота КубРП МРФ РСФСР; Краснодар;;Краснодар  ;РКО (РРР до 2022); Эксплуатируется ;;;;;01.01.1987;;;22.2;22;8.2;8;124.3;0;0;42;0;;1.2;0.765;;;;;;;0;;;;0;;;;;;;0;;0;;;;0;3;;;;;
54476;8;;;ПП-8;Д-34;Понтон. Пассажирский причал;Р1,2 IV;Речной регистр, Fleetphoto;Краснодар;Краснодарская ремонтно-эксплуатационная база флота КубРП МРФ РСФСР; Краснодар;;Краснодар  ;РКО (РРР до 2022); Эксплуатируется ;;;;;01.01.1987;;;22.2;22;8.2;8;350.9;0;0;0;0;;1.2;0.45;;;;;;;0;;;;0;;;;;;;0;;0;;;;0;3;;;;;
55738;;;;П-20;146;Плавучий объект. Пассажирский понтон;Р1,2 IV;Речной регистр;Сокольская судоверфь;;;;;;;;;;;01.01.1968;;;20.3;20;8.5;8;319.8;0;0;3.75;107.75;;2;1.33;;;;;;;0;;;;0;;;;;;;0;;0;;;;0;7;;;;;
61710;3;;;ДМ-3;Р-70;Грузопассажирский дебаркадер;О 2,0 I;Речной регистр, Fleetphoto;Новосибирский ССЗ,Новосибирск;ГП «Новосибирский судоремонтно-судостроительный завод ЗСРП МРФ РСФСР»; Новосибирск;;Омск  ;РКО (РРР до 2022); Эксплуатируется ;;;;;01.01.1973;;;47.8;45;12.4;12;2000.8;0;43;20;261;;2.7;2.15;;;;;;;2;;;;0;;;;;;;0;;0;;;;1;4;;;;;
61969;45;;;ПРК-2;942;Понтон. Плавучий причал, швартовка и стоянка судов, посадка и высадка пассажиров;Р1,2 I;Речной регистр, Fleetphoto;Барнаул;"филиал ОАО ""ЗСРП"" Новосибирская ремонтно-эксплуатационная база флота"; Новосибирск;;Новосибирск  ;РКО (РРР до 2022); Эксплуатируется ;;;;;01.01.1972;;;65.38;63.1;15.3;14;1797.1;0;351.8;0;682.14;;2;1.09;;;;;;;0;;;;0;;;;;;;0;;0;;;;0;4;;;;;
62011;17;;;ПП-44;282А;Плавучий причал, посадка и высадка пассажиров;Р1,2 I;Речной регистр, Fleetphoto;Ново-Ильинская РЭБ;ГП «Ново-Ильинская ремонтно-эксплуатационная база флота ЗСРП МРФ РСФСР»; Озёрное;;Новосибирск  ;РКО (РРР до 2022); Не эксплуатируется ;;;;;01.01.1974;;;20.32;20;6.32;6;200;0;6.15;0;39.92;;1.8;1.25;;;;;;;0;;;;0;;;;;;;0;;0;;;;0;3;;;;;
62013;19;;;ПП-46;282А;Несамоходное, причал для судов;Р1,2;Речной регистр, Fleetphoto;Ново-Ильинская РЭБ;ГП «Ново-Ильинская ремонтно-эксплуатационная база флота ЗСРП МРФ РСФСР»; Озёрное;;Моряковка  ;РКО (РРР до 2022); холодный отстой ;;;;;01.01.1974;;;20.32;20;6.32;6;199.8;0;6.15;0;39.92;;1.8;1.17;;;;;;;0;;;;0;;;;;;;0;;0;;;;0;3;;;;;
62038;15;;;КП-500-5;Р-92А;Несамоходное, секция наплавного моста для обеспечения движения технологического транспорта;Р1,2 III;Речной регистр, Fleetphoto;Новосибирск;ГП «Новосибирский судоремонтно-судостроительный завод ЗСРП МРФ РСФСР»; Новосибирск;;Стрежевой  ;РКО (РРР до 2022); Эксплуатируется ;;;;;01.01.1974;;;48.3;47.5;12.16;12;978;0;600;60;794.93;;1.8;1.45;;;;;;;0;;;;0;;;;;;;0;;0;;;;1;4;;;;;
62071;21;;;КП-500-7;Р-92А;Несамоходное, секция наплавного моста для обеспечения движения технологического транспорта;Р1,2 IV;Речной регистр, Fleetphoto;Новосибирск;ГП «Новосибирский судоремонтно-судостроительный завод ЗСРП МРФ РСФСР»; Новосибирск;;Стрежевой  ;РКО (РРР до 2022); Эксплуатируется ;;;;;01.01.1975;;;48.3;47.5;12.16;12;978;0;600;600;794.93;;1.8;1.45;;;;;;;0;;;;0;;;;;;;0;;0;;;;1;4;;;;;
71336;52;;;№ 3305;942;Несамоходный понтон;Р1,2 IV;Fleetphoto, Речной регистр;Великий Устюг;Великоустюгский судоремонтный завод СРП МРФ РСФСР; Великий Устюг;;(Россия)  ;РКО (РРР до 2022); Не эксплуатируется ;;;;;29.06.1972;;;62.62;62.4;14.22;14;611.3;0;100;100;308.5;;2;1.56;;;;;;;0;;;;0;;;;;;;0;;0;;;;1;4;;;;;
71456;2;;;2879;Р-70;Плавучий объект, грузопассажирский дебаркадер;О2,0 I;Речной регистр, Fleetphoto;ВЕЛИКИЙ УСТЮГ;Великоустюгский судоремонтный завод СРП МРФ РСФСР; Великий Устюг;;Москва  ;РКО (РРР до 2022); негодное к плаванию ;;;;;01.01.1975;;;47.8;45;12.46;12;2078.9;0;40.5;20;261;;2.7;2.1;;;;;;;5;;;;45;;;;;;;0;;0;;;;2;4;;;;;
72506;6;;;ТПСП-621;183ВМ;Плавучий объект, понтон;Р1,2 IV;Речной регистр;Лабытнанги;;;;;;;;;;;01.01.1973;;;35.53;35;7.8;7.5;320;0;60;60;203.15;;1.3;0.44;;;;;;;0;;;;0;;;;;;;0;;0;;;;0;2;;;;;
72960;193/1;;;КП-200-23;183Б;Причальный понтон;Р 1,2 IV;Речной регистр;Тавда;;;;;;;;;;;01.01.1968;;;35.6;35;7.6;7;319.8;0;0;200;33.76;;1.3;1;;;;;;;0;;;;0;;;;;;;0;;0;;;;0;2;;;;;
75606;;;;Дебаркадер-138;133К;Грузопассажирский дебаркадер;Р1,2 I;Речной регистр;Балаково;;;;;;;;;;;01.01.1958;;;47.9;45;12.65;12;2419.7;0;115;0;404;;2.7;1.5;;;;;;;0;;;;0;;;;;;;0;;0;;;;0;5;;;;;
78136;182;;;Д-137;888;Плавучий объект, дебаркадер, гостиница;Р1,2 I;Речной регистр;Свирская судоверфь;;;;;;;;;;;01.01.1958;;;35;30;10.55;9.6;1898.9;0;0;0;470.4;;2.8;1.4;;;;;;;3;;;;0;;;;;;;0;;0;;;;0;8;;;;;
78285;213;;;ЖД-138;888;Плавучий объект, грузопассажирский понтон;М3,0 I;Речной регистр;Свирская судоверфь;;;;;;;;;;;01.01.1958;;;35;33.3;9.6;9.6;874.5;0;0;30;396.6;;2.8;1.59;;;;;;;0;;;;0;;;;;;;0;;0;;;;0;8;;;;;
78478;247;;;Хвойный бор;904;Плавучий объект, дебаркадер;Р1,2 I;Речной регистр;Свирь;;;;;;;;;;;01.01.1960;;;35.36;35;10;9.6;1831;0;0;30;0;;2.8;1.63;;;;;;;2;;;;122;;;;;;;0;;0;;;;2;13;;;;;
78479;;;;ДЖ-56;904;Плавучий объект, дебаркадер;Р1,2 I;Речной регистр;Никольский;;;;;;;;;;;01.01.1960;;;35.46;35;10.48;9.6;1831;0;0;30;0;;2.8;1.63;;;;;;;4;;;;0;;;;;;;0;;0;;;;2;13;;;;;
78495;;;;Дебаркадер-213;47Б;Плавучий объект-причал для яхты;Р1,2 I;Речной регистр;Свирская с/в, пгт Никольский;;;;;;;;;;;01.01.1961;;;38.76;35;10;9.6;908.4;0;4.5;0;253.73;;2.8;1.946;;;;;;;0;;;;0;;;;;;;0;;0;;;;0;11;;;;;
78498;263;;;Дебаркадер-82;47Б;Причальный понтон;Р1,2 I;Речной регистр;Свирская судоверфь;;;;;;;;;;;01.01.1961;;;35.4;35;9.8;9.6;1828.2;0;0.2;0;299.3;;2.8;1.815;;;;;;;0;;;;0;;;;;;;0;;0;;;;2;13;;;;;
78503;268;;;342;47Б;Грузопассажирский дебаркадер;Р1,2 I;Речной регистр;Свирица;;;;;;;;;;;01.01.1961;;;35.4;35;10;9.6;914.1;0;56;30;360;;2.8;1.71;;;;;;;0;;;;0;;;;;;;0;;0;;;;2;11;;;;;
78588;;;;ДЖ-2;47Б;Дебаркадер. Плавучий причал;Р1,2 I;Речной регистр;Свирьская судоверфь;;;;;;;;;;;01.01.1962;;;35.4;35;10;9.6;1831;0;56;30;360;;2.8;1.63;;;;;;;4;;;;0;;;;;;;0;;0;;;;0;11;;;;;
78599;296;;;ДЕБАРКАДЕР СПАРТАК;47Б;Плавучий объект, дебаркадер;Р1,2 I;Речной регистр;Свирь, Свирская судоверфь;;;;;;;;;;;01.01.1962;;;35.4;35;10;9.6;1831;0;0;30;360;;2.8;1.5;;;;;;;4;;;;50;;;;;;;0;;0;;;;2;13;;;;;
78913;250;;;ЮРТ-1;Р-12М;Плавучий причал;Р 1,2 I;Речной регистр, Fleetphoto;не определено;Свирская судостроительная верфь; Никольский;;Сургут  ;РКО (РРР до 2022); Эксплуатируется ;;;;;01.01.1973;;;28.81;28.6;12.01;11.8;837.7;0;5;5;99.03;;2.5;2.16;;;;;;;2;;;;0;;;;;;;0;;0;;;;2;6;;;;;
80191;1;;;Понтон-1;МП-1;Баржа для генерального груза. Несамоходное, механизированный понтон для сопровождения плотов;О2,0;Речной регистр;Енисейск;;;;;;;;;;;01.01.1962;;;40.3;40;10.3;10;699;0;102;100;180;;1.8;1.23;;;;;;;1;;;;0;;;;;;;0;;0;;;;0;4;;;;;
80194;;;;Понтон-2;МП-1;Понтон. Несамоходное, механизированный понтон для сопровождения плотов;О2,0;Речной регистр;Енисейск;;;;;;;;;;;01.01.1962;;;40.3;40;10.3;10;699;0;32;30;110;;1.8;1.43;;;;;;;4;;;;0;;;;;;;0;;0;;;;0;4;;;;;
80372;;;;06-37/0024;ЛБК-1800Р;Дебаркадер. Плавучий объект, дебаркадер для посадки и высадки пассажиров;Р1,2 I;Речной регистр;Красноярск;;;;;;;;;;;01.01.1963;;;78.15;77.6;15.5;15;2700;0;1800;0;0;;2.5;1;;;;;;;2;;;;200;;;;;;;0;;0;;;;1;6;;;;;
86018;481;;;481;61А;Плавучий причальный понтон, для обслуживания судов водоизмещением до 800 т;Р1,2 I;Речной регистр;Сокольская судоверфь;;;;;;;;;;;01.01.1960;;;20.91;20;7.35;7;280.2;0;5;0;94.4;;2;1.14;;;;;;;0;;;;0;;;;;;;0;;0;;;;0;7;;;;;
86041;682;;;Дебаркадер № 480;39;Причальный дебаркадер;Р1,2 I;Речной регистр;Сокольская судоверфь, Сокольское;;;;;;;;;;;01.01.1960;;;20.36;20;7.36;7;450;0;5;0;109;;2;1.21;;;;;;;2;;;;0;;;;;;;0;;0;;;;0;7;;;;;
86207;741;;;Дебаркадер-613;61А;Плавучий объект, дебаркадер;Р1,2 I;Речной регистр;Сокольское;;;;;;;;;;;01.01.1960;;;20.32;20;7.32;7;450;0;13.8;0;119.6;;2;1.21;;;;;;;2;;;;8;;;;;;;0;;0;;;;0;7;;;;;
86221;742;;;165;61А;Причальный дебаркадер;Р1,2 I;Речной регистр;Сокольская судоверфь;;;;;;;;;;;01.01.1961;;;20.5;20;7.5;7;450;0;9.4;0;111;;2;1.21;;;;;;;3;;;;0;;;;;;;0;;0;;;;0;7;;;;;
86222;;;;Дебаркадер-186;61А;Пассажирский дебаркадер;Р1,2 I;Речной регистр;Сокольская судоверфь, п.Сокольское;;;;;;;;;;;01.01.1961;;;20.5;20;7.5;7;450;0;6;0;111;;2;1.21;;;;;;;2;;;;15;;;;;;;0;;0;;;;0;7;;;;;
86299;766;;;104;61А;Причальный дебаркадер;Р1,2 I;Речной регистр;Сокольская судоверфь;;;;;;;;;;;01.01.1962;;;20.5;20;7.5;7;450;0;7.4;0;111;;2;1.21;;;;;;;3;;;;0;;;;;;;0;;0;;;;0;7;;;;;
86361;802;;;Дебаркадер № 634;61Б;Причальный дебаркадер;Р1,2 I;Речной регистр;Сокольское;;;;;;;;;;;01.01.1962;;;20.32;20;7.32;7;450;0;13.8;0;119.6;;2;1.21;;;;;;;3;;;;0;;;;;;;0;;0;;;;0;7;;;;;
86420;827;;;Дебаркадер-654;61Б;Плавучий объект, причал для катеров и яхт;Р1,2 IV;Речной регистр;Сокольская судоверфь;;;;;;;;;;;01.01.1962;;;20.13;20;7.13;7;277.3;0;0;5.3;83.9;;2;1.4;;;;;;;0;;;;0;;;;;;;0;;0;;;;0;7;;;;;
86447;846;;;Дебаркадер № 665;61А;Причальный дебаркадер;Р1,2 I;Речной регистр;Сокольская судоверфь, Сокольское;;;;;;;;;;;01.01.1963;;;20.32;20;7.32;7;450;0;13.8;0;119.6;;2;1.21;;;;;;;3;;;;0;;;;;;;0;;0;;;;0;7;;;;;
86463;880;;;Дебаркадер-676;61Б;Пассажирский дебаркадер;Р1,2 I;Речной регистр;Сокольская судоверфь;;;;;;;;;;;01.01.1963;;;20.4;20;7.4;7;450;0;15.72;0;119.75;;2;1.21;;;;;;;0;;;;0;;;;;;;0;;0;;;;0;7;;;;;
86578;661;;;ПП-813;123А;Причальный понтон, швартовка судов;Р1,2 I;Речной регистр;Городецкая судоверфь, г.Городец;;;;;;;;;;;01.01.1964;;;65.5;65;14.5;14;2479.9;0;15;0;650.33;;3.2;2.21;;;;;;;1;;;;0;;;;;;;0;;0;;;;2;7;;;;;
86581;662;;;П-168;123А;Плавучий объект, причальный понтон;Р1,2 IV;Речной регистр;Городец;;;;;;;;;;;01.01.1964;;;65.5;65;14.5;14;2479.1;0;200;0;850;;3.2;2.21;;;;;;;0;;;;0;;;;;;;0;;0;;;;2;7;;;;;
86584;664;;;Понтон-814;123А;Плавучий объект, плавресторан, пассажирский причал;Р1,2 I;Речной регистр;Городец;;;;;;;;;;;01.01.1964;;;65.5;65;14.5;14;7609.9;0;70;0;1245;;3.2;1.8;;;;;;;40;;;;220;;;;;;;0;;0;;;;2;7;;;;;
86721;962;;;Понтон № 214;146;Плавучий причал;Р1,2 I;Речной регистр;Сокольская судоверфь;;;;;;;;;;;01.01.1965;;;20.25;20;8.34;8;319.8;0;14;0;106.4;;2;1.34;;;;;;;1;;;;0;;;;;;;0;;0;;;;0;7;;;;;
86745;1012;;;ПОНТОН-13;146;Плавучий объект, установленный у берега, причальный понтон;Р1,2 I;Речной регистр;Сокольская судоверфь;;;;;;;;;;;01.01.1965;;;20.25;20;8.34;8;320;0;12.8;0;105.6;;2;1.34;;;;;;;0;;;;0;;;;;;;0;;0;;;;1;7;;;;;
86815;665;;;П-169;123А;Причальный понтон;Р1,2 I;Речной регистр;Городец;;;;;;;;;;;01.01.1964;;;65.5;65;14.5;14;2480;100;100;0;100;;3.2;2.21;;;;;;;0;;;;0;;;;;;;0;;0;;;;2;7;;;;;
86817;667;;;Понтон-816;123А;Железобетонный причальный понтон;Р1,2 I;Речной регистр;Городец;;;;;;;;;;;01.01.1965;;;65.5;65;14.5;14;2481.9;0;100;100;0;;3.2;2.21;;;;;;;2;;;;0;;;;;;;0;;0;;;;2;7;;;;;
86818;668;;;ПП-817;123А;Плавучий причал;Р1,2 I;Речной регистр;Городецкая судоверфь, г.Городец;;;;;;;;;;;01.01.1964;;;65.5;65;14.5;14;2753.6;0;15;0;973;;3.2;2.21;;;;;;;0;;;;0;;;;;;;0;;0;;;;2;7;;;;;
86822;;;;Дебаркадер-102;20;Грузопассажирский дебаркадер;Р1,2 I;Речной регистр;Городец;;;;;;;;;;;01.01.1965;;;45.38;45;12.38;12;2419.7;0;117;100;637;;3;1.8;;;;;;;7;;;;161;;;;;;;0;;0;;;;4;11;;;;;
86837;585;;;859;Р24;Плавучий причал;О2,0 I;Речной регистр;Костромская судоверфь;;;;;;;;;;;01.01.1965;;;42.5;39.1;8.6;8;948.1;0;55;0;365;;2.8;1.86;;;;;;;2;;;;0;;;;;;;0;;0;;;;1;7;;;;;
86838;586;;;ПОНТОН-11;Р-24;Плавучий объект, установленный у берега, понтон для швартовки судов;О2,0 I;Речной регистр;г. Кострома;;;;;;;;;;;01.01.1966;;;42.5;42;8.5;8;970;0;1;0;285;;2.8;1.7;;;;;;;0;;;;0;;;;;;;0;;0;;;;1;7;;;;;
86841;;;;865;Р-24;Рейдовый понтон;Р1,2 IV;Речной регистр;Кострома;;;;;;;;;;;01.01.1966;;;42;39.1;8.6;8;970.7;0;0;0;285;;2.8;1.86;;;;;;;0;;;;0;;;;;;;0;;0;;;;1;7;;;;;
86883;1003;;;ПП-701;146;Причальный понтон;Р1,2 I;Речной регистр;Сокольская судоверфь;;;;;;;;;;;01.01.1966;;;20.25;20;8.34;8;320;0;0;0;0;;2;1.34;;;;;;;0;;;;0;;;;;;;0;;0;;;;1;7;;;;;
86884;1004;;;Понтон-700;146;Плавучий причал;Р1,2 I;Речной регистр;Сокольская судоверфь;;;;;;;;;;;01.01.1966;;;20.32;20;8.5;8;325.5;0;13;0;106;;2;1.34;;;;;;;0;;;;0;;;;;;;0;;0;;;;1;7;;;;;
86907;1045;;;№ 710;146;Пассажирский понтон;Р1,2 I;Речной регистр;Сокольская судоверфь;;;;;;;;;;;01.01.1966;;;20.01;20;8.34;8;320.1;0;14;0;106;;2;1.34;;;20 ЖБ ПОНТ;;;;0;;;;0;;;;;;;0;;0;;;;0;7;;;;;
86976;;;;Дебаркадер-336;47Б;Железобетонный пассажирский дебаркадер;Р1,2 I;Речной регистр;Кострома;;;;;;;;;;;01.01.1966;;;35.4;35;10;9.6;1743;0;56;30;360.36;;2.8;1.63;;;;;;;5;;;;0;;;;;;;0;;0;;;;0;13;;;;;
86978;;;;Дебаркадер-337;47Б;Плавучий объект, грузопассажирский дебаркадер;Р1,2 I;Речной регистр;Кострома;;;;;;;;;;;01.01.1966;;;35.4;35;10;9.6;1743;0;56;30;360.36;;2.8;1.63;;;;;;;4;;;;124;;;;;;;0;;0;;;;2;13;;;;;
86983;618;;;Понтон № 856;Р-24;Рейдовый понтон для швартовки судов;О2,0;Речной регистр;г.Кострома;;;;;;;;;;;01.01.1967;;;42.5;42;8.5;8;970.7;0;1;0;285;;2.8;1.7;;;;;;;0;;;;0;;;;;;;0;;0;;;;1;7;;;;;
86984;633;;;Дебаркадер № 338;47Б;Грузопассажирский дебаркадер;Р1,2 I;Речной регистр;"Судоверфь им.""Комсомольской правды"", г.Кострома";;;;;;;;;;;01.01.1967;;;35.4;35;10;9.6;1743.3;0;56;30;360;;2.8;1.63;;;;;;;2;;;;0;;;;;;;0;;0;;;;2;13;;;;;
86986;;;;Дебаркадер-345;47Б;Грузопассажирский дебаркадер;Р1,2 I;Речной регистр;Кострома;;;;;;;;;;;01.01.1967;;;35.4;35;10;9.6;1743;0;56;30;360.36;;2.8;1.63;;;;;;;5;;;;0;;;;;;;0;;0;;;;2;13;;;;;
89132;41;;;Понтон № 565;942;Плавучий причал;Р1,2 I;Речной регистр;Затон им.Куйбышева;;;;;;;;;;;01.01.1973;;;65;63.1;14;14;1618.8;0;1000;1000;1248;;2;0.22;;;;;;;4;;;;0;;;;;;;0;;0;;;;1;4;;;;;
89260;;;;Понтон большой-1;1309;Причальный понтон для посадки-высадки пассажиров;Р1,2 I;Речной регистр, Fleetphoto;г.Волгоград, Красноармейский СРЗ;Красноармейский судоремонтный завод ВОРП МРФ РСФСР; Волгоград;;Волгоград  ;РКО (РРР до 2022); Эксплуатируется ;;;;;01.01.1977;;;34.12;34;6.3;5.5;488;0;25.3;0;113.3;;2.6;2;;;;;;;0;;;;0;;;;;;;0;;0;;;;0;5;;;;;
89261;;;;Понтон большой-2;1309;Причальный понтон для посадки-высадки пассажиров;Р1,2 I;Речной регистр, Fleetphoto;г.Волгоград, Красноармейский СРЗ;Красноармейский судоремонтный завод ВОРП МРФ РСФСР; Волгоград;;Волгоград  ;РКО (РРР до 2022); Эксплуатируется ;;;;;01.01.1977;;;34.12;34;6.3;5.5;486.8;0;25.3;0;113.3;;2.6;2;;;;;;;0;;;;0;;;;;;;0;;0;;;;0;5;;;;;
89262;;;;Понтон большой-3;1309;Причальный понтон для посадки-высадки пассажиров;Р1,2 I;Речной регистр, Fleetphoto;г.Волгоград, Красноармейский СРЗ;Красноармейский судоремонтный завод ВОРП МРФ РСФСР; Волгоград;;Волгоград  ;РКО (РРР до 2022); Эксплуатируется ;;;;;01.01.1978;;;34.12;34;6.3;5.5;488;0;25.3;0;113.3;;2.6;2;;;;;;;0;;;;0;;;;;;;0;;0;;;;0;4;;;;;
89263;1;;;Понтон малый-1;1309 (больш. и мал);Плавучий объект, причальный понтон для посадки-высадки пассажиров;Р1,2;Fleetphoto, Речной регистр;г.Волгоград, Красноармейский СРЗ;Красноармейский судоремонтный завод ВОРП МРФ РСФСР; Волгоград;;Волгоград  ;РКО (РРР до 2022); Эксплуатируется ;;;;;01.09.1977;;;22.2;21.4;6;5.2;290;0;21.86;0;66.86;;2.6;2;;;;;;;0;;;;0;;;;;;;0;;0;;;;0;3;;;;;
89264;2;;;Понтон малый-2;1309;Плавучий объект, причальный понтон для посадки-высадки пассажиров;Р1,2 I;Речной регистр, Fleetphoto;г.Волгоград, Красноармейский СРЗ;Красноармейский судоремонтный завод ВОРП МРФ РСФСР; Волгоград;;Волгоград  ;РКО (РРР до 2022); Эксплуатируется ;;;;;01.01.1977;;;22.2;21.4;6;5.2;290;0;21.86;0;66.86;;2.6;2;;;;;;;0;;;;0;;;;;;;0;;0;;;;0;3;;;;;
89265;3;;;Понтон малый-3;1309;Плавучий объект, причальный понтон для посадки-высадки пассажиров;Р1,2 I;Речной регистр, Fleetphoto;г.Волгоград, Красноармейский СРЗ;Красноармейский судоремонтный завод ВОРП МРФ РСФСР; Волгоград;;Волгоград  ;РКО (РРР до 2022); Эксплуатируется ;;;;;01.01.1977;;;22.2;21.4;6;5.2;290;0;21.86;0;66.86;;2.6;2;;;;;;;0;;;;0;;;;;;;0;;0;;;;0;3;;;;;
89325;42;;;БС-266;183В, 183ВМ;Паромный причал;Р1,2 I;Fleetphoto, Речной регистр;Криушинский СРЗ, Криуши;Криушинский судоремонтный завод ВОРП; Криуши;;Козьмодемьянск  ;РКО (РРР до 2022); Эксплуатируется ;;;;;20.06.1978;;;35.5;35;7.5;7.5;424.5;0;200;200;256;;1.3;0.22;;;;;;;0;;;;0;;;;;;;0;;0;;;;0;2;;;;;
89445;21;;;БХ-27;Р127;Плавучий причал, швартовка судов;Р1,2 I;Речной регистр, Fleetphoto;Криушинская РЭБ, п.Криуши;Криушинский судоремонтный завод ВОРП; Криуши;;Нижний Новгород  ;РКО (РРР до 2022); Стоечный причал ;;;;;01.01.1982;;;35.37;31.29;7.65;7.5;348.1;0;1.8;0;59.1;;1.3;0.91;;Дизельный;;;;;1;;;;0;;;;;;;0;;0;;;;2;5;;;;;
89447;23;;;2002;Р-127;Баржа-площадка, секция наплавного моста;Р1,2 III;Fleetphoto, Речной регистр;Криуши;Криушинский судоремонтный завод ВОРП; Криуши;;(Россия)  ;РКО (РРР до 2022); Не эксплуатируется ;;;;;29.11.1982;;;35.54;35;7.54;7.5;324.6;0;40;40;99.6;;1.3;0.877;;;;;;;0;;;;0;;;;;;;0;;0;;;;2;5;;;;;
89459;1;;;Новодевичье;Р-145М;Пассажирский дебаркадер;О2,0 I;Речной регистр, Fleetphoto;Криушинская РЭБ;Криушинский судоремонтный завод ВОРП; Криуши;;Тольятти  ;РКО (РРР до 2022); Эксплуатируется ;;;;;01.01.1985;;;55.64;55;14.84;14;2708.3;953;58;0;450;;2.5;1.81;;;;;;;2;;;;0;;;;;;;0;;0;;;;1;5;;;;;
89519;773;;;Волгонефть-66;558;Нефтепричал;Р1,2;Речной регистр;Волгоград;;;;;;;;;;;01.01.1965;;;132.6;128.6;16.9;16.5;11249.3;0;0;0;967.8;;5.5;4.91;;;;;;;0;;;;0;;;;;;;0;;0;;;;1;10;;;;;
90100;1;;;ПОНТОН-1;;Плавпричал;K(*) Berth-connected ship floating terminal;Морской регистр;;;;Украина;Темрюк;;;;04/04/2009;;;15/09/2010;70;70;70;;16;;1063;319;468.9;;2083;2.04;4;;0;Несамоходное;;0;;;;0;         0;         0;;0;;;;;;;;;;;1;;;6;0;;;0
90149;2;;;ПОНТОН-2;;Плавпричал;K(*) Berth-connected ship floating terminal;Морской регистр;;;;Украина;Темрюк;;;;14/04/2009;;;15/09/2010;70;70;70;;16;;1063;319;468.9;;2083;2.04;4;;0;Несамоходное;;0;;;;0;         0;         0;;0;;;;;;;;;;;1;;;6;0;;;0
90153;3;;;ПОНТОН-3;;Плавпричал;K(*) Berth-connected ship floating terminal;Морской регистр;;;;Украина;Темрюк;;;;28/07/2009;;;15/09/2010;70;70;70;;16;;1063;319;468.9;;2083;2.04;4;;0;Несамоходное;;0;;;;0;         0;         0;;0;;;;;;;;;;;1;;;6;0;;;0
90168;4;;;ПОНТОН-4;;Плавпричал;K(*) Berth-connected ship floating terminal;Морской регистр;;;;Украина;Темрюк;;;;28/07/2009;;;15/09/2010;70;70;70;;16;;1063;319;468.9;;2083;2.04;4;;0;Несамоходное;;0;;;;0;         0;         0;;0;;;;;;;;;;;1;;;6;0;;;0
90384;5;;;ПОНТОН-5;;Плавпричал;K(*) Berth-connected ship floating terminal;Морской регистр;;;;Украина;Темрюк;;;;05/10/2009;;;15/09/2010;70;70;70;;16;;1063;319;468.9;;2083;2.04;4;;0;Несамоходное;;0;;;;0;         0;         0;;0;;;;;;;;;;;1;;;6;0;;;0
90399;6;;;ПОНТОН-6;;Плавпричал;K(*) Berth-connected ship floating terminal;Морской регистр;;;;Украина;Темрюк;;;;05/10/2009;;;15/09/2010;70;70;70;;16;;1063;319;468.9;;2083;2.04;4;;0;Несамоходное;;0;;;;0;         0;         0;;0;;;;;;;;;;;1;;;6;0;;;0
92717;4;;;БМС-4225;81218;Плавучий объект, установленный у берега, причал;Р1,2 I;Речной регистр, Fleetphoto;"ООО ""ССЗ"" г. Уфа";Ремонтно-эксплуатационная база флота им. Октябрьской Революции БРП; Уфа;;Пермь  ;РКО (РРР до 2022); Причал ;;;;;01.01.1987;;;58.32;58;13.58;13.26;1300;0;0;0;1136;;1.79;1.29;;;;;;;3;;;;0;;;;;;;0;;0;;;;6;59;;;;;
92749;119;;;К-2675;Р-146;Плавучий объект, установленный у берега, причал;Р1,2 I;Речной регистр, Fleetphoto;г. Уфа;Ремонтно-эксплуатационная база флота им. Октябрьской Революции БРП; Уфа;;Пермь  ;РКО (РРР до 2022); Эксплуатируется ;;;;;01.01.1988;;;27.5;26;7.6;7.5;241;0;0;0;183.1;;1.3;1;;;;;;;0;;;;0;;;;;;;0;;0;;;;2;5;;;;;
92750;120;;;К-2676;Р-146;Плавучий объект, установленный у берега, причал;Р1,2 I;Речной регистр, Fleetphoto;г. Уфа;Ремонтно-эксплуатационная база флота им. Октябрьской Революции БРП; Уфа;;Пермь  ;РКО (РРР до 2022); Эксплуатируется ;;;;;01.01.1988;;;27.5;26;7.6;7.5;241;0;0;0;183.1;;1.3;1;;;;;;;0;;;;0;;;;;;;0;;0;;;;2;5;;;;;
92779;;;;МП-1;86/ПО Закамск;Плавучий объект, установленный у берега. Плавучий причал для посадки и высадки пассажиров;Р1,2 I;Речной регистр, Fleetphoto;"Пермь, ООО ""Пермская судоверфь""";ООО «Пермская судоверфь»; Пермь;;(Россия)  ;РКО (РРР до 2022); Эксплуатируется ;;;;;01.01.2024;;;24.2;24;23.3;16.95;172.8;0;0;0;0;;1.2;0.836;;;;;;;0;;;;0;;;;;;;0;;0;;;;0;0;;;;;
92780;;;;МП-2;86/ПО Закамск;Плавучий объект, установленный у берега. Плавучий причал для посадки и высадки пассажиров;Р1,2 I;Речной регистр;"Пермь, ООО ""Пермская судоверфь""";;;;;;;;;;;01.01.2024;;;24.2;24;23.3;16.95;172.8;0;14.32;0;0;;1.2;0.836;;;;;;;0;;;;0;;;;;;;0;;0;;;;0;0;;;;;
92789;142;;;К-2677;Р-146;Плавучий объект, установленный у берега, причал;Р1,2 I;Речной регистр, Fleetphoto;Уфа;Ремонтно-эксплуатационная база флота им. Октябрьской Революции БРП; Уфа;;Пермь  ;РКО (РРР до 2022); Эксплуатируется ;;;;;01.01.1990;;;27.5;26;7.6;7.5;241;0;0;0;183;;1.3;1.15;;;;;;;0;;;;0;;;;;;;0;;0;;;;2;5;;;;;
92802;151;;;К-2679;Р-146;Плавучий объект, установленный у берега, причал;Р1,2 I;Речной регистр, Fleetphoto;Уфимская РЭБ, г. Уфа;Ремонтно-эксплуатационная база флота им. Октябрьской Революции БРП; Уфа;;Пермь  ;РКО (РРР до 2022); Эксплуатируется ;;;;;01.01.1991;;;27.5;26;7.6;7.5;241;0;0;0;183.1;;1.3;1.15;;;;;;;0;;;;0;;;;;;;0;;0;;;;2;5;;;;;
92814;160;;;К-2680;Р-146;Плавучий объект, установленный у берега, причал;Р1,2 I;Речной регистр, Fleetphoto;Уфимская РЭБ, г. Уфа;"Уфимская ремонтно-эксплуатационная база флота АООТ ""БРП"""; Уфа;;Пермь  ;РКО (РРР до 2022); Эксплуатируется ;;;;;01.01.1992;;;27.5;26;7.6;7.5;241;0;0;0;183.1;;1.3;1.15;;;;;;;0;;;;0;;;;;;;0;;0;;;;2;5;;;;;
92895;;;;АЭМ Хохловка;68/ПО;Плавучий объект, установленный у берега. Плавучий причал для посадки и высадки пассажиров;О2,0 I;Речной регистр;"ООО ""Пермская судоверфь""";;;;;;;;;;;01.01.2024;;;48.2;48;29.3;22.8;372.95;0;0;0;0;;1.2;0.82;;;;;;;0;;;;0;;;;;;;0;;0;;;;0;0;;;;;
93062;55;;;П-55;528;Дебаркадер. Плавучий причал;Р1,2 IV;Речной регистр;г.Астрахань;;;;;;;;;;;01.01.1964;;;31.2;28.6;12.01;11.8;840.5;0;26.92;0;136;;2.5;2.03;;Дизельный;;;;;0;;;;0;;;;;;;0;;0;;;;2;5;;;;;
97454;671;;;ВЕРАНДА-8;341А;Плавучий причал;Р1,2 IV;Речной регистр;Благовещен;;;;;;;;;;;01.01.1958;;;64.4;64.4;10;10;1134;0;7.5;43;140;;2;1.4;;;;;;;0;;;;0;;;;;;;0;;0;;;;0;7;;;;;
97456;68/6;;;МП-605;341А;Плавучий причал;Р1,2 IV;Речной регистр;Благовещенск;;;;;;;;;;;01.01.1959;;;64.4;64.4;10.03;10;1107.9;0;600.3;600;740.3;;2;0.64;;;;;;;0;;;;0;;;;;;;0;;0;;;;0;4;;;;;
97555;1;;;ДЕБАРКАДЕР-70;Р-70;Плавучий причал для швартовки судов;Р1,2 IV;Речной регистр, Fleetphoto;МАЛЫШЕВО;Малышевская ремонтно-эксплуатационная база флота; Малышево;;Хабаровск  ;РКО (РРР до 2022); Эксплуатируется ;;;;;01.01.1971;;;47.8;45;12.4;12;1732;0;6.8;6.8;125.4;;2.7;2.43;;;;;;;0;;;;0;;;;;;;0;;0;;;;0;2;;;;;
